instance,treewidth,sharpsat_tw,nestHDB,gpusat
01A-1.cnf,229,111.91,365.368,TO
01B-1.cnf,570,TO,TO,TO
01B-2.cnf,1017,TO,TO,TO
01B-3.cnf,665,TO,TO,TO
01B-4.cnf,-,RTE,TO,TO
01B-5.cnf,-,RTE,TO,TO
02A-1.cnf,228,185.63,89.0824,TO
02A-2.cnf,228,84.58,TO,TO
02A-3.cnf,175,61.24,57.622,TO
02B-1.cnf,570,TO,TO,TO
02B-2.cnf,1018,TO,TO,TO
02B-3.cnf,702,TO,TO,TO
02B-4.cnf,926,TO,TO,TO
02B-5.cnf,-,RTE,TO,TO
03A-1.cnf,137,60.26,49.865,TO
03A-2.cnf,124,60.15,47.1239,TO
03B-1.cnf,535,TO,TO,TO
03B-2.cnf,922,TO,TO,TO
03B-3.cnf,580,TO,TO,TO
03B-4.cnf,745,TO,TO,TO
04A-1.cnf,202,TO,69.3072,TO
04A-2.cnf,202,64.5,64.2823,TO
04A-3.cnf,104,60.099999999999994,48.6514,TO
04B-1.cnf,607,TO,TO,TO
04B-2.cnf,719,TO,TO,TO
04B-3.cnf,829,TO,TO,TO
04B-4.cnf,1251,TO,TO,TO
05A-1.cnf,226,61.93,TO,TO
05A-2.cnf,112,60.17,50.2217,TO
05B-1.cnf,639,TO,TO,TO
05B-2.cnf,696,TO,TO,TO
05B-3.cnf,718,TO,TO,TO
06A-1.cnf,229,798.6999999999999,827.737,TO
06A-2.cnf,196,74.21,64.1602,TO
06A-3.cnf,196,63.58,66.3772,TO
06A-4.cnf,194,64.52,57.6343,TO
06B-1.cnf,609,TO,TO,TO
06B-2.cnf,718,TO,TO,TO
06B-3.cnf,883,TO,TO,TO
06B-4.cnf,987,TO,TO,TO
07A-1.cnf,263,TO,TO,TO
07A-2.cnf,266,556.55,897.531,TO
07A-3.cnf,264,357.28000000000003,TO,TO
07A-4.cnf,231,TO,TO,TO
07A-5.cnf,219,75.61,64.3772,TO
07B-1.cnf,683,TO,TO,TO
07B-2.cnf,778,TO,TO,TO
07B-3.cnf,1034,TO,TO,TO
07B-4.cnf,1730,TO,TO,TO
07B-5.cnf,2849,TO,TO,TO
07B-6.cnf,-1,RTE,TO,TO
08A-1.cnf,267,TO,TO,TO
08A-2.cnf,264,TO,TO,TO
08A-3.cnf,263,83.7,93.4454,TO
08A-4.cnf,150,60.51,55.0132,TO
08B-1.cnf,686,TO,TO,TO
08B-2.cnf,785,TO,TO,TO
08B-3.cnf,988,TO,TO,TO
08B-4.cnf,1755,TO,TO,TO
09A-1.cnf,304,TO,TO,TO
09A-2.cnf,301,TO,TO,TO
09A-3.cnf,161,92.63000000000001,56.5467,TO
09B-1.cnf,754,TO,TO,TO
09B-2.cnf,984,TO,TO,TO
09B-3.cnf,1404,TO,TO,TO
09B-4.cnf,2500,TO,TO,TO
09B-5.cnf,-,RTE,TO,TO
09B-6.cnf,-,RTE,TO,TO
10A-1.cnf,302,TO,TO,TO
10A-2.cnf,300,TO,TO,TO
10A-3.cnf,294,TO,TO,TO
10A-4.cnf,235,TO,TO,TO
10B-10.cnf,-,RTE,TO,TO
10B-11.cnf,-,RTE,TO,TO
10B-1.cnf,793,TO,TO,TO
10B-2.cnf,1046,TO,TO,TO
10B-3.cnf,1994,TO,TO,TO
10B-4.cnf,-1,RTE,TO,TO
10B-5.cnf,-1,RTE,TO,TO
10B-6.cnf,966,TO,TO,TO
10B-7.cnf,979,TO,TO,TO
10B-8.cnf,-,RTE,TO,TO
10B-9.cnf,-,RTE,TO,TO
11A-1.cnf,263,TO,TO,TO
11A-2.cnf,263,TO,TO,TO
11A-3.cnf,261,TO,TO,TO
11A-4.cnf,162,TO,TO,TO
11B-1.cnf,807,TO,TO,TO
11B-2.cnf,1048,TO,TO,TO
11B-3.cnf,1438,TO,TO,TO
11B-4.cnf,-,RTE,TO,TO
11B-5.cnf,-,RTE,TO,TO
12A-1.cnf,263,TO,TO,TO
12A-2.cnf,263,TO,TO,TO
12A-3.cnf,261,TO,TO,TO
12A-4.cnf,161,TO,TO,TO
12B-1.cnf,759,TO,TO,TO
12B-2.cnf,922,TO,TO,TO
12B-3.cnf,1248,TO,TO,TO
12B-4.cnf,2436,TO,TO,TO
12B-5.cnf,-1,RTE,TO,TO
12B-6.cnf,-,RTE,TO,TO
13A-1.cnf,389,TO,TO,TO
13A-2.cnf,324,TO,TO,TO
13A-3.cnf,292,TO,TO,TO
13A-4.cnf,139,60.92,342.689,TO
13B-1.cnf,857,TO,TO,TO
13B-2.cnf,-,RTE,TO,TO
13B-3.cnf,2208,TO,TO,TO
13B-4.cnf,-1,RTE,TO,TO
13B-5.cnf,-,RTE,TO,TO
14A-1.cnf,482,TO,TO,TO
14A-2.cnf,518,TO,TO,TO
14A-3.cnf,324,TO,TO,TO
15A-1.cnf,454,TO,TO,TO
15A-2.cnf,737,TO,TO,TO
15A-3.cnf,705,TO,TO,TO
15A-4.cnf,297,TO,TO,TO
15B-1.cnf,-,RTE,TO,TO
15B-2.cnf,-,RTE,TO,TO
15B-3.cnf,-,RTE,TO,TO
15B-4.cnf,-,RTE,TO,TO
15B-5.cnf,-,RTE,TO,TO
17A-1.cnf,446,TO,TO,TO
17A-2.cnf,584,TO,TO,TO
17A-3.cnf,696,TO,TO,TO
17A-4.cnf,904,TO,TO,TO
17A-5.cnf,411,TO,TO,TO
17A-6.cnf,378,TO,TO,TO
17B-1.cnf,675,TO,TO,TO
17B-2.cnf,790,TO,TO,TO
17B-3.cnf,759,TO,TO,TO
17B-4.cnf,1214,TO,TO,TO
17B-5.cnf,2845,TO,TO,TO
18A-1.cnf,524,TO,TO,TO
18A-2.cnf,912,TO,TO,TO
18A-3.cnf,-,RTE,TO,TO
18A-4.cnf,-,RTE,TO,TO
4step.cnf,5,60.010000000000005,0.588368,0.358543
50-10-10-q.cnf,12,60.1,1.16184,0.78977
50-10-1-q.cnf,13,60.24,1.50824,1.02553
50-10-2-q.cnf,12,60.24,1.26768,1.14802
50-10-3-q.cnf,13,60.32,0.914141,0.981925
50-10-4-q.cnf,9,60.05,1.53631,1.02518
50-10-5-q.cnf,10,60.04,0.983513,0.839827
50-10-6-q.cnf,9,60.06,1.37426,1.12239
50-10-7-q.cnf,12,60.14,1.28959,0.891648
50-10-8-q.cnf,10,60.04,1.39508,0.927602
50-10-9-q.cnf,11,60.05,1.41536,0.980267
50-12-10-q.cnf,14,60.42,1.86927,1.30205
50-12-1-q.cnf,12,60.39,1.87846,1.09296
50-12-2-q.cnf,11,60.120000000000005,1.94117,1.14583
50-12-3-q.cnf,15,60.7,1.43431,1.19505
50-12-4-q.cnf,13,60.39,1.42856,1.24682
50-12-5-q.cnf,13,60.38,1.83847,1.32176
50-12-6-q.cnf,13,60.120000000000005,1.9322,0.995357
50-12-7-q.cnf,14,60.97,1.24881,1.12633
50-12-8-q.cnf,15,60.81,1.94616,1.26078
50-12-9-q.cnf,12,60.37,1.4702,1.24661
50-14-10-q.cnf,18,63.67,2.30586,1.58896
50-14-1-q.cnf,17,64.77,2.48107,1.58887
50-14-2-q.cnf,15,61.01,2.43069,1.63665
50-14-3-q.cnf,16,61.629999999999995,2.37556,1.53321
50-14-4-q.cnf,15,60.56,2.4048,1.38867
50-14-5-q.cnf,17,62.17,1.71127,1.81629
50-14-6-q.cnf,15,61.339999999999996,2.31348,1.33079
50-14-7-q.cnf,17,63.04,2.48313,1.73851
50-14-8-q.cnf,14,60.61,1.90936,1.50575
50-14-9-q.cnf,17,63.94,1.83072,1.63925
50-16-10-q.cnf,21,89.25,5.52578,2.0251
50-16-1-q.cnf,17,66.55999999999999,2.99589,1.87763
50-16-2-q.cnf,19,102.35000000000001,8.68243,2.01558
50-16-3-q.cnf,18,66.76,2.21385,1.69485
50-16-4-q.cnf,20,84.35,3.55651,1.89746
50-16-5-q.cnf,19,73.22,3.44112,1.84507
50-16-6-q.cnf,18,69.38,5.92379,1.8813
50-16-7-q.cnf,16,62.51,3.41862,1.77718
50-16-8-q.cnf,17,63.55,2.82109,2.02712
50-16-9-q.cnf,20,85.82000000000001,3.89045,2.04814
50-18-10-q.cnf,22,231.49,11.7623,2.75908
50-18-1-q.cnf,22,86.14,7.42664,2.35285
50-18-2-q.cnf,20,73.53,5.77232,2.01798
50-18-3-q.cnf,17,66.96,2.63183,2.38183
50-18-4-q.cnf,19,98.81,4.80649,2.16893
50-18-5-q.cnf,19,97.91999999999999,8.76868,2.46881
50-18-6-q.cnf,18,69.01,4.15773,2.26462
50-18-7-q.cnf,18,75.96000000000001,4.09667,2.49977
50-18-8-q.cnf,20,81.07,5.76573,2.16494
50-18-9-q.cnf,20,78.87,6.01591,2.26944
50-20-10-q.cnf,23,563.5899999999999,29.2935,3.39028
50-20-1-q.cnf,21,106.35,8.72932,2.81034
50-20-2-q.cnf,24,325.72999999999996,41.2242,3.02136
50-20-3-q.cnf,23,188.98,27.1486,3.24222
50-20-4-q.cnf,21,119.18,6.98911,3.09767
50-20-5-q.cnf,23,464.67,28.0972,3.30297
50-20-6-q.cnf,21,134.53,7.39672,3.16736
50-20-7-q.cnf,21,243.37,12.2768,2.96851
50-20-8-q.cnf,24,647.31,37.1123,3.57737
50-20-9-q.cnf,18,72.19,6.00077,2.70802
5step.cnf,3,60.03,0.68591,0.335093
75-10-10-q.cnf,5,60.03,1.4371,0.652435
75-10-1-q.cnf,6,60.03,0.804456,0.658061
75-10-2-q.cnf,6,60.019999999999996,1.16947,0.861875
75-10-3-q.cnf,-,0.0,0.166346,0.00532401
75-10-4-q.cnf,6,60.01,1.41573,0.678097
75-10-5-q.cnf,8,60.059999999999995,1.04144,0.64027
75-10-6-q.cnf,6,60.05,1.2094,0.713701
75-10-7-q.cnf,7,60.03,1.42748,0.699807
75-10-8-q.cnf,8,60.019999999999996,1.15289,0.728364
75-10-9-q.cnf,9,60.019999999999996,0.83519,0.750447
75-12-10-q.cnf,6,60.02,1.67861,0.960573
75-12-1-q.cnf,10,60.05,1.59403,0.815166
75-12-2-q.cnf,9,60.019999999999996,1.13338,0.896843
75-12-3-q.cnf,8,60.04,1.65848,1.01377
75-12-4-q.cnf,8,60.019999999999996,1.31966,0.808906
75-12-5-q.cnf,11,60.050000000000004,1.31174,0.869374
75-12-6-q.cnf,11,60.04,1.82883,0.974173
75-12-7-q.cnf,8,60.03,1.88623,0.792451
75-12-8-q.cnf,11,60.14,1.13682,0.743072
75-12-9-q.cnf,8,60.04,1.947,0.873429
75-14-10-q.cnf,9,60.050000000000004,1.93351,1.04971
75-14-1-q.cnf,8,60.06,1.81092,0.880209
75-14-2-q.cnf,10,60.059999999999995,1.49919,0.893458
75-14-3-q.cnf,10,60.059999999999995,1.693,1.01626
75-14-4-q.cnf,10,60.04,1.56543,1.03259
75-14-5-q.cnf,12,60.06,2.18371,0.919854
75-14-6-q.cnf,9,60.04,2.50189,1.19068
75-14-7-q.cnf,11,60.07,2.52987,1.03055
75-14-8-q.cnf,13,60.1,2.39094,0.934142
75-14-9-q.cnf,13,60.22,1.55871,1.12216
75-15-10-q.cnf,10,60.05,2.16005,1.19465
75-15-1-q.cnf,12,60.059999999999995,2.56389,1.03701
75-15-2-q.cnf,10,60.059999999999995,2.34689,1.02416
75-15-3-q.cnf,12,60.09,1.76617,1.18025
75-15-4-q.cnf,8,60.02,2.13373,1.13355
75-15-5-q.cnf,-,0.0,0.116288,0.00430912
75-15-6-q.cnf,12,60.19,2.37678,1.13602
75-15-7-q.cnf,13,60.17,2.01217,1.17978
75-15-8-q.cnf,10,60.05,2.83854,1.35889
75-15-9-q.cnf,11,60.17,2.19017,1.00356
75-16-10-q.cnf,13,60.239999999999995,2.25962,1.20266
75-16-1-q.cnf,12,60.120000000000005,2.26827,1.24103
75-16-2-q.cnf,13,60.21,2.80647,1.35733
75-16-3-q.cnf,13,60.15,2.78431,1.27732
75-16-4-q.cnf,14,60.510000000000005,3.26863,1.33254
75-16-5-q.cnf,10,60.07,2.35447,1.24926
75-16-6-q.cnf,14,60.080000000000005,2.69256,1.14769
75-16-7-q.cnf,12,60.129999999999995,2.26374,1.23967
75-16-8-q.cnf,10,60.07,2.46011,1.16809
75-16-9-q.cnf,13,60.28,1.99803,1.59191
75-17-10-q.cnf,12,60.07,2.16303,1.1723
75-17-1-q.cnf,12,60.21,2.49709,1.39865
75-17-2-q.cnf,12,60.1,3.27478,1.18285
75-17-3-q.cnf,13,60.43,2.27344,1.48551
75-17-4-q.cnf,12,60.1,2.46644,1.27501
75-17-5-q.cnf,12,60.129999999999995,2.12663,1.36871
75-17-6-q.cnf,11,60.09,2.93092,1.28869
75-17-7-q.cnf,12,60.12,2.54584,1.30747
75-17-8-q.cnf,14,60.16,2.84339,1.42528
75-17-9-q.cnf,12,60.17,2.94842,1.34391
75-18-10-q.cnf,13,60.15,4.02296,1.59406
75-18-1-q.cnf,13,60.129999999999995,3.01654,1.27986
75-18-2-q.cnf,14,60.400000000000006,3.61593,1.54909
75-18-3-q.cnf,15,61.11,3.4984,1.51671
75-18-4-q.cnf,10,60.07,3.30583,1.40979
75-18-5-q.cnf,12,60.13999999999999,4.11707,1.63284
75-18-6-q.cnf,16,60.5,2.36049,1.32356
75-18-7-q.cnf,13,60.15,3.7971,1.48286
75-18-8-q.cnf,13,60.3,2.98104,1.44213
75-18-9-q.cnf,16,60.95,4.16539,1.35547
75-19-10-q.cnf,13,60.330000000000005,3.87027,1.45187
75-19-1-q.cnf,16,60.82,3.15197,1.67115
75-19-2-q.cnf,16,61.330000000000005,3.8794,1.98146
75-19-3-q.cnf,17,61.17,4.34914,1.72688
75-19-4-q.cnf,11,60.17,4.39087,1.76393
75-19-5-q.cnf,12,60.12,3.88381,1.77759
75-19-6-q.cnf,16,61.25,4.05596,1.60244
75-19-7-q.cnf,13,60.419999999999995,2.86574,1.7025
75-19-8-q.cnf,17,61.53,4.14175,1.71361
75-19-9-q.cnf,15,60.56,4.12827,1.77839
75-20-10-q.cnf,15,60.489999999999995,4.78251,1.60539
75-20-1-q.cnf,18,61.86,3.90183,1.73828
75-20-2-q.cnf,15,60.739999999999995,3.69895,1.78289
75-20-3-q.cnf,11,60.23,3.04835,1.79932
75-20-4-q.cnf,14,60.33,3.78316,1.74391
75-20-5-q.cnf,12,60.21,4.47431,1.85787
75-20-6-q.cnf,13,60.34,3.77371,1.81355
75-20-7-q.cnf,16,61.309999999999995,3.58831,1.86278
75-20-8-q.cnf,15,60.8,4.03379,1.83883
75-20-9-q.cnf,14,60.74,3.0219,1.81653
75-21-10-q.cnf,15,61.21,4.27403,1.77386
75-21-1-q.cnf,12,60.21,4.5054,2.20653
75-21-2-q.cnf,13,60.2,4.50421,1.78764
75-21-3-q.cnf,17,64.32,4.49651,2.03086
75-21-4-q.cnf,13,60.28,4.73433,1.91033
75-21-5-q.cnf,14,61.03,5.08997,1.7918
75-21-6-q.cnf,18,61.23,4.3542,2.23161
75-21-7-q.cnf,19,65.35,5.56078,2.06371
75-21-8-q.cnf,18,62.61,5.41467,1.74583
75-21-9-q.cnf,-,0.0,0.145068,0.00435396
75-22-10-q.cnf,14,60.57,4.67833,1.89939
75-22-1-q.cnf,15,61.03,5.07944,2.02951
75-22-2-q.cnf,17,64.21000000000001,5.372,2.03241
75-22-3-q.cnf,16,62.08,3.7078,2.45601
75-22-4-q.cnf,19,67.14,4.97615,2.29172
75-22-5-q.cnf,16,60.949999999999996,4.22739,2.02149
75-22-6-q.cnf,19,62.730000000000004,5.10305,2.23673
75-22-7-q.cnf,20,64.93,4.07793,2.41951
75-22-8-q.cnf,18,63.89,4.28726,1.92914
75-22-9-q.cnf,16,61.79,4.40678,2.12966
75-23-10-q.cnf,16,60.910000000000004,4.8449,2.2251
75-23-1-q.cnf,12,60.480000000000004,5.51934,2.28183
75-23-2-q.cnf,18,62.129999999999995,4.93656,2.16999
75-23-3-q.cnf,16,61.77,5.42395,2.41712
75-23-4-q.cnf,17,62.61,4.67032,2.66019
75-23-5-q.cnf,17,61.02,4.12213,2.28972
75-23-6-q.cnf,18,65.54,6.77151,2.04595
75-23-7-q.cnf,16,61.66,4.81261,2.31375
75-23-8-q.cnf,16,62.629999999999995,6.27829,2.02989
75-23-9-q.cnf,17,61.83,5.97692,2.17619
75-24-10-q.cnf,18,63.629999999999995,5.42529,2.51971
75-24-1-q.cnf,17,62.97,5.46672,2.64035
75-24-2-q.cnf,-,0.0,0.163447,0.00415405
75-24-3-q.cnf,20,64.89,5.68805,2.49119
75-24-4-q.cnf,14,60.449999999999996,5.14329,2.44873
75-24-5-q.cnf,17,61.809999999999995,5.05295,2.2634
75-24-6-q.cnf,21,85.7,7.74768,2.36484
75-24-7-q.cnf,14,61.6,5.16994,2.22401
75-24-8-q.cnf,16,61.940000000000005,5.65826,2.28066
75-24-9-q.cnf,18,64.42,4.57193,2.62798
75-25-10-q.cnf,16,62.98,6.2723,2.40616
75-25-1-q.cnf,16,61.120000000000005,6.64331,2.67093
75-25-2-q.cnf,17,61.8,5.74341,2.77448
75-25-3-q.cnf,19,80.5,6.2621,2.77659
75-25-4-q.cnf,17,62.33,5.25166,2.94055
75-25-5-q.cnf,17,64.73,7.39053,2.80013
75-25-6-q.cnf,21,111.33,25.0051,2.74065
75-25-7-q.cnf,20,73.84,7.36885,2.74559
75-25-8-q.cnf,21,76.56,7.76606,3.10796
75-25-9-q.cnf,16,63.01,5.42838,2.54247
75-26-10-q.cnf,17,63.75,5.96056,3.035
75-26-1-q.cnf,17,63.47,6.053,2.68892
75-26-2-q.cnf,19,69.35,6.87969,2.4892
75-26-3-q.cnf,18,64.67999999999999,6.56348,3.17876
75-26-4-q.cnf,15,60.96,6.22593,2.54332
75-26-5-q.cnf,21,98.59,7.35447,2.94637
75-26-6-q.cnf,18,65.38,6.67227,2.90599
75-26-7-q.cnf,14,60.95,6.33643,2.92678
75-26-8-q.cnf,18,72.44,7.64491,2.76805
75-26-9-q.cnf,17,62.05,5.30562,2.8193
90-10-10-q.cnf,4,60.02,0.726392,0.481512
90-10-1-q.cnf,5,60.019999999999996,0.885063,0.563124
90-10-2-q.cnf,-,0.0,0.158084,0.00345691
90-10-3-q.cnf,4,60.010000000000005,1.3778,0.530445
90-10-4-q.cnf,4,60.01,1.5261,0.564374
90-10-5-q.cnf,4,60.01,1.07529,0.546977
90-10-6-q.cnf,-,0.0,0.116726,0.005632
90-10-7-q.cnf,5,60.05,0.786877,0.57618
90-10-8-q.cnf,-,0.0,0.236545,0.00554207
90-10-9-q.cnf,6,60.019999999999996,0.882206,0.512586
90-12-10-q.cnf,6,60.02,1.59567,0.644809
90-12-1-q.cnf,6,60.01,1.27631,0.575386
90-12-2-q.cnf,4,60.01,1.48163,0.6139
90-12-3-q.cnf,5,60.01,1.43331,0.714465
90-12-4-q.cnf,6,60.019999999999996,1.83618,0.618611
90-12-5-q.cnf,4,60.010000000000005,1.40927,0.533102
90-12-6-q.cnf,6,60.010000000000005,1.036,0.631965
90-12-7-q.cnf,8,60.019999999999996,1.25684,0.645235
90-12-8-q.cnf,7,60.04,1.07055,0.755999
90-12-9-q.cnf,-,0.0,0.234997,0.0054539
90-14-10-q.cnf,6,60.03,2.34723,0.836035
90-14-1-q.cnf,6,60.02,1.41456,0.667077
90-14-2-q.cnf,5,60.019999999999996,1.96479,0.737205
90-14-3-q.cnf,4,60.03,1.77959,0.705834
90-14-4-q.cnf,-,0.0,0.143812,0.0053269
90-14-5-q.cnf,8,60.02,2.47912,0.793351
90-14-6-q.cnf,6,60.03,1.80004,0.705955
90-14-7-q.cnf,7,60.019999999999996,1.58712,0.704375
90-14-8-q.cnf,6,60.019999999999996,1.94311,0.694019
90-14-9-q.cnf,5,60.02,1.46112,0.706295
90-15-10-q.cnf,6,60.03,1.93154,0.846932
90-15-1-q.cnf,6,60.08,2.31122,0.71991
90-15-2-q.cnf,10,60.04,1.69901,0.929358
90-15-3-q.cnf,8,60.02,2.12578,0.885722
90-15-4-q.cnf,5,60.02,1.83248,0.724578
90-15-5-q.cnf,6,60.010000000000005,2.15584,0.777427
90-15-6-q.cnf,6,59.99,2.46379,0.844546
90-15-7-q.cnf,6,60.0,2.15094,0.772766
90-15-8-q.cnf,6,60.01,2.19354,0.862826
90-15-9-q.cnf,-,0.0,0.239212,0.00432591
90-16-10-q.cnf,5,60.04,2.08327,0.929461
90-16-1-q.cnf,9,60.010000000000005,3.17124,0.895409
90-16-2-q.cnf,6,60.02,2.84956,0.786597
90-16-3-q.cnf,6,58.72,1.92416,0.850112
90-16-4-q.cnf,8,60.06,2.88665,0.869257
90-16-5-q.cnf,7,60.02,2.6175,0.835868
90-16-6-q.cnf,8,60.02,1.90526,0.887199
90-16-7-q.cnf,6,60.019999999999996,2.34771,0.843008
90-16-8-q.cnf,-,0.0,0.164127,0.00407604
90-16-9-q.cnf,6,60.06,2.3848,0.920296
90-17-10-q.cnf,6,60.02,2.6206,0.793851
90-17-1-q.cnf,6,60.010000000000005,2.6041,0.876533
90-17-2-q.cnf,-,0.0,0.146205,0.00490506
90-17-3-q.cnf,9,60.01,3.53615,0.979047
90-17-4-q.cnf,10,60.03,2.99256,0.94671
90-17-5-q.cnf,7,60.02,2.01915,0.915843
90-17-6-q.cnf,7,60.059999999999995,2.91094,1.00602
90-17-7-q.cnf,-,0.0,0.156979,0.00444401
90-17-8-q.cnf,7,60.019999999999996,3.11905,0.954898
90-17-9-q.cnf,8,60.03,2.62889,0.996287
90-18-10-q.cnf,9,60.029999999999994,2.34645,0.92385
90-18-1-q.cnf,9,60.04,2.95588,1.01459
90-18-2-q.cnf,6,60.02,3.38443,1.02454
90-18-3-q.cnf,7,60.029999999999994,2.85658,1.03893
90-18-4-q.cnf,6,60.01,2.3493,0.94759
90-18-5-q.cnf,7,60.09,3.44702,1.29019
90-18-6-q.cnf,7,60.029999999999994,3.13169,1.12453
90-18-7-q.cnf,9,60.03,2.27318,0.88519
90-18-8-q.cnf,8,60.06,2.63332,1.05336
90-18-9-q.cnf,5,60.03,3.52841,0.930519
90-19-10-q.cnf,9,60.019999999999996,2.89378,1.1417
90-19-1-q.cnf,11,60.03,4.04251,1.01327
90-19-2-q.cnf,6,60.02,2.84671,1.21714
90-19-3-q.cnf,-,0.0,0.164909,0.00293507
90-19-4-q.cnf,4,60.01,3.02746,0.988156
90-19-5-q.cnf,-,0.0,0.164559,0.00491102
90-19-6-q.cnf,8,60.010000000000005,3.26821,1.1227
90-19-7-q.cnf,7,60.02,3.44795,1.12558
90-19-8-q.cnf,9,60.02,3.90648,1.05367
90-19-9-q.cnf,-,0.0,0.150676,0.00459107
90-20-10-q.cnf,7,60.03,4.6741,1.24906
90-20-1-q.cnf,5,60.04,4.57817,1.10524
90-20-2-q.cnf,9,60.03,3.34181,1.20432
90-20-3-q.cnf,10,60.06,2.87388,1.1315
90-20-4-q.cnf,5,60.029999999999994,3.21216,1.22756
90-20-5-q.cnf,8,60.03,3.22528,1.14329
90-20-6-q.cnf,5,60.040000000000006,2.80031,1.12252
90-20-7-q.cnf,8,60.019999999999996,3.91348,1.28121
90-20-8-q.cnf,12,60.029999999999994,4.29008,1.0204
90-20-9-q.cnf,7,60.02,3.55814,1.10386
90-21-10-q.cnf,11,60.06,3.67567,1.37156
90-21-1-q.cnf,8,60.04,3.14062,1.25897
90-21-2-q.cnf,9,60.050000000000004,4.46174,1.30882
90-21-3-q.cnf,5,60.03,4.15503,1.22796
90-21-4-q.cnf,-,0.0,0.1647,0.00386003
90-21-5-q.cnf,7,60.03,3.596,1.49877
90-21-6-q.cnf,-,0.0,0.231947,0.00505207
90-21-7-q.cnf,10,60.04,3.63853,1.17972
90-21-8-q.cnf,-,0.0,0.153334,0.00537798
90-21-9-q.cnf,8,60.05,3.73759,1.35759
90-22-10-q.cnf,9,60.05,4.04913,1.2853
90-22-1-q.cnf,7,60.06,4.07601,1.40635
90-22-2-q.cnf,9,60.04,3.42158,1.44281
90-22-3-q.cnf,8,60.03,5.38952,1.47603
90-22-4-q.cnf,5,60.03,4.98782,1.32588
90-22-5-q.cnf,9,60.04,3.42411,1.43807
90-22-6-q.cnf,6,60.04,4.75935,1.50411
90-22-7-q.cnf,7,60.029999999999994,4.82668,1.57164
90-22-8-q.cnf,-,0.0,0.238518,0.00313696
90-22-9-q.cnf,9,60.08,4.4362,1.25182
90-23-10-q.cnf,8,60.040000000000006,3.72598,1.4869
90-23-1-q.cnf,10,60.050000000000004,5.36911,1.60216
90-23-2-q.cnf,10,59.7,4.52532,1.65602
90-23-3-q.cnf,8,60.06,4.1974,1.42287
90-23-4-q.cnf,5,60.14,6.5997,1.31871
90-23-5-q.cnf,7,60.04,5.26436,1.71991
90-23-6-q.cnf,6,60.03,5.82098,1.52836
90-23-7-q.cnf,9,60.03,5.90172,1.44886
90-23-8-q.cnf,7,60.08,3.88685,1.5405
90-23-9-q.cnf,-,0.0,0.156134,0.00292588
90-24-10-q.cnf,6,60.04,4.75988,1.63127
90-24-1-q.cnf,-,0.0,0.167154,0.00438501
90-24-2-q.cnf,6,60.03,4.78031,1.56038
90-24-3-q.cnf,7,60.040000000000006,5.66619,1.68535
90-24-4-q.cnf,8,60.150000000000006,4.16902,1.58703
90-24-5-q.cnf,8,60.02,5.36242,1.65844
90-24-6-q.cnf,-,0.0,0.239841,0.00546403
90-24-7-q.cnf,8,60.05,5.58916,1.64714
90-24-8-q.cnf,6,60.019999999999996,5.58046,1.49977
90-24-9-q.cnf,9,60.04,5.55721,1.51548
90-25-10-q.cnf,9,60.04,4.93901,1.68113
90-25-1-q.cnf,8,60.05,5.4156,1.76568
90-25-2-q.cnf,7,60.089999999999996,6.45136,1.68013
90-25-3-q.cnf,7,60.12,4.36195,2.06745
90-25-4-q.cnf,11,60.06,5.97402,1.7458
90-25-5-q.cnf,6,60.04,6.68767,1.90137
90-25-6-q.cnf,10,60.08,5.22857,1.67805
90-25-7-q.cnf,11,60.07,5.68396,1.84227
90-25-8-q.cnf,10,60.040000000000006,5.86983,1.75306
90-25-9-q.cnf,9,60.04,5.46449,2.00131
90-26-10-q.cnf,11,60.08,6.36332,1.897
90-26-1-q.cnf,-,0.0,0.139325,0.00545508
90-26-2-q.cnf,-,0.0,0.146291,0.00353999
90-26-3-q.cnf,10,60.06,5.40799,1.89987
90-26-4-q.cnf,8,60.08,5.93437,2.02092
90-26-5-q.cnf,9,60.089999999999996,5.62257,1.89263
90-26-6-q.cnf,13,60.12,6.83237,2.04144
90-26-7-q.cnf,-,0.0,0.143711,0.00345993
90-26-8-q.cnf,10,60.07,7.81696,2.14233
90-26-9-q.cnf,-,0.0,0.23464,0.00427012
90-30-10-q.cnf,9,60.06,7.26295,2.81845
90-30-1-q.cnf,10,60.09,7.67257,2.43047
90-30-2-q.cnf,11,60.050000000000004,8.92365,2.49065
90-30-3-q.cnf,9,60.059999999999995,7.73448,2.69242
90-30-4-q.cnf,9,60.04,7.85724,2.50636
90-30-5-q.cnf,11,60.14,6.33692,2.65924
90-30-6-q.cnf,8,60.09,7.92192,2.70046
90-30-7-q.cnf,8,60.059999999999995,10.3518,2.62799
90-30-8-q.cnf,10,59.800000000000004,7.08367,2.60531
90-30-9-q.cnf,11,60.050000000000004,8.36543,2.72388
90-34-10-q.cnf,11,60.08,9.70777,3.17434
90-34-1-q.cnf,10,60.07,7.94963,3.44339
90-34-2-q.cnf,10,59.82,8.37243,3.16138
90-34-3-q.cnf,11,60.169999999999995,11.8203,2.89077
90-34-4-q.cnf,9,60.080000000000005,9.93811,3.33958
90-34-5-q.cnf,8,60.07,8.03902,3.15118
90-34-6-q.cnf,9,60.07,10.9146,3.06168
90-34-7-q.cnf,12,60.3,11.3854,3.47385
90-34-8-q.cnf,-,0.0,0.165094,0.00510698
90-34-9-q.cnf,10,60.06,10.8813,3.09669
90-38-10-q.cnf,13,60.25,15.8094,4.21762
90-38-1-q.cnf,10,60.089999999999996,12.8295,4.20084
90-38-2-q.cnf,9,60.05,11.8468,4.21919
90-38-3-q.cnf,14,60.23,13.3061,4.26915
90-38-4-q.cnf,8,60.11,12.4757,4.07137
90-38-5-q.cnf,11,60.14,16.6554,4.22488
90-38-6-q.cnf,12,60.269999999999996,14.0143,4.33313
90-38-7-q.cnf,12,60.2,11.6455,4.14126
90-38-8-q.cnf,10,60.17,13.7785,4.20492
90-38-9-q.cnf,9,60.05,13.6141,3.82222
90-42-10-q.cnf,15,60.96,16.6723,5.14005
90-42-1-q.cnf,11,60.339999999999996,14.6848,5.62522
90-42-2-q.cnf,9,60.089999999999996,12.8125,4.84318
90-42-3-q.cnf,15,60.21,15.3501,5.21477
90-42-4-q.cnf,14,60.93,16.4781,5.19847
90-42-5-q.cnf,9,60.099999999999994,15.7215,4.90582
90-42-6-q.cnf,11,60.169999999999995,16.5978,5.61243
90-42-7-q.cnf,9,60.14,12.7656,5.1371
90-42-8-q.cnf,17,60.59,12.3626,5.23906
90-42-9-q.cnf,11,60.19,17.6758,5.46999
90-46-10-q.cnf,-,0.0,0.133997,0.00435007
90-46-1-q.cnf,13,60.16,18.2066,6.12929
90-46-2-q.cnf,11,60.27,16.85,6.66553
90-46-3-q.cnf,13,60.2,17.6009,6.55244
90-46-4-q.cnf,12,60.24,16.8342,6.24235
90-46-5-q.cnf,12,60.34,20.6457,6.62542
90-46-6-q.cnf,11,60.24,17.4791,6.84303
90-46-7-q.cnf,11,60.239999999999995,15.1644,6.4528
90-46-8-q.cnf,11,60.260000000000005,19.6856,6.64826
90-46-9-q.cnf,13,60.31,20.085,6.48409
90-50-10-q.cnf,14,61.12,23.0427,8.22535
90-50-1-q.cnf,15,60.839999999999996,21.5977,7.71158
90-50-2-q.cnf,-,0.0,0.161702,0.00449108
90-50-3-q.cnf,11,60.13999999999999,17.462,7.71835
90-50-4-q.cnf,12,60.35,26.3512,7.46827
90-50-5-q.cnf,10,60.379999999999995,17.3924,7.53207
90-50-6-q.cnf,13,60.300000000000004,22.526,7.69933
90-50-7-q.cnf,-,0.0,0.148612,0.00537209
90-50-8-q.cnf,8,60.19,23.8215,7.86703
90-50-9-q.cnf,15,60.57,21.8243,8.13452
brp.pm_14steps_10int_8fract_p1_N=200_MAX=4over.dimacs,-,0.0,0.235397,0.0047561
brp.pm_14steps_10int_8fract_p1_N=200_MAX=4under.dimacs,-,0.0,0.145188,0.00349703
brp.pm_14steps_12int_8fract_p1_N=1000_MAX=4over.dimacs,-,0.0,0.222042,0.00496489
brp.pm_14steps_12int_8fract_p1_N=1000_MAX=4under.dimacs,-,0.0,0.142013,0.00461398
brp.pm_14steps_12int_8fract_p1_N=400_MAX=4over.dimacs,-,0.0,0.143602,0.00537504
brp.pm_14steps_12int_8fract_p1_N=400_MAX=4under.dimacs,-,0.0,0.2243,0.00397708
brp.pm_14steps_12int_8fract_p1_N=600_MAX=4over.dimacs,-,0.0,0.145642,0.0053201
brp.pm_14steps_12int_8fract_p1_N=600_MAX=4under.dimacs,-,0.0,0.22547,0.00544305
brp.pm_14steps_12int_8fract_p1_N=800_MAX=4over.dimacs,-,0.0,0.164855,0.00414505
brp.pm_14steps_12int_8fract_p1_N=800_MAX=4under.dimacs,-,0.0,0.157956,0.00547908
brp.pm_14steps_13int_8fract_p1_N=2000_MAX=4over.dimacs,-,0.0,0.143901,0.00393303
brp.pm_14steps_13int_8fract_p1_N=2000_MAX=4under.dimacs,-,0.0,0.230451,0.00348296
brp.pm_14steps_14int_8fract_p1_N=3000_MAX=4over.dimacs,-,0.0,0.117822,0.00465995
brp.pm_14steps_14int_8fract_p1_N=3000_MAX=4under.dimacs,-,0.0,0.146245,0.00430107
brp.pm_14steps_14int_8fract_p1_N=4000_MAX=4over.dimacs,-,0.0,0.234773,0.005272
brp.pm_14steps_14int_8fract_p1_N=4000_MAX=4under.dimacs,-,0.0,0.145697,0.00435192
brp.pm_14steps_14int_8fract_p1_N=5000_MAX=4over.dimacs,-,0.0,0.232095,0.00380388
brp.pm_14steps_14int_8fract_p1_N=5000_MAX=4under.dimacs,-,0.0,0.118204,0.00446288
brp.pm_14steps_22int_8fract_p1_N=1000000_MAX=4over.dimacs,-,0.0,0.145173,0.00543494
brp.pm_14steps_22int_8fract_p1_N=1000000_MAX=4under.dimacs,-,0.0,0.157394,0.0056371
brp.pm_14steps_22int_8fract_p1_N=100000_MAX=4over.dimacs,-,0.0,0.154354,0.00449202
brp.pm_14steps_22int_8fract_p1_N=100000_MAX=4under.dimacs,-,0.0,0.237441,0.00460192
brp.pm_14steps_22int_8fract_p1_N=10000_MAX=4over.dimacs,-,0.0,0.162859,0.00521309
brp.pm_14steps_22int_8fract_p1_N=10000_MAX=4under.dimacs,-,0.0,0.235791,0.00443694
brp.pm_14steps_26int_8fract_p1_N=10000000_MAX=4over.dimacs,-,0.0,0.23467,0.00476601
brp.pm_14steps_26int_8fract_p1_N=10000000_MAX=4under.dimacs,-,0.0,0.244287,0.00524689
brp.pm_14steps_30int_8fract_p1_N=100000000_MAX=4over.dimacs,-,0.0,0.149899,0.00391195
brp.pm_14steps_30int_8fract_p1_N=100000000_MAX=4under.dimacs,-,0.0,0.245061,0.00445498
brp.pm_14steps_8int_8fract_p1_N=16_MAX=2over.dimacs,11,60.52,169.896,89.3737
brp.pm_14steps_8int_8fract_p1_N=16_MAX=2under.dimacs,10,60.54,177.779,82.0339
brp.pm_14steps_8int_8fract_p1_N=32_MAX=4over.dimacs,-,0.0,0.155753,0.003946
brp.pm_14steps_8int_8fract_p1_N=32_MAX=4under.dimacs,-,0.0,0.129971,0.0054009
brp.pm_14steps_8int_8fract_p1_N=64_MAX=5over.dimacs,11,60.7,141.018,82.6094
brp.pm_14steps_8int_8fract_p1_N=64_MAX=5under.dimacs,10,60.77,145.587,82.8772
crowds_big.pm_15steps_8int_7fract_PCTL_TotalRuns=10_CrowdSize=40over.dimacs,-,0.0,0.22867,0.00497604
crowds_big.pm_15steps_8int_7fract_PCTL_TotalRuns=10_CrowdSize=40under.dimacs,-,0.0,0.234698,0.00521396
crowds_big.pm_15steps_8int_7fract_PCTL_TotalRuns=20_CrowdSize=40over.dimacs,-,0.0,0.158215,0.0054629
crowds_big.pm_15steps_8int_7fract_PCTL_TotalRuns=20_CrowdSize=40under.dimacs,-,0.0,0.234656,0.00390596
crowds_big.pm_15steps_9int_7fract_PCTL_TotalRuns=40_CrowdSize=128over.dimacs,-,RTE,TO,TO
crowds_big.pm_15steps_9int_7fract_PCTL_TotalRuns=40_CrowdSize=128under.dimacs,-,RTE,TO,TO
crowds_big.pm_15steps_9int_7fract_PCTL_TotalRuns=60_CrowdSize=128over.dimacs,-,RTE,TO,TO
crowds_big.pm_15steps_9int_7fract_PCTL_TotalRuns=60_CrowdSize=128under.dimacs,-,RTE,TO,TO
crowds.pm_15steps_8int_7fract_PCTL_TotalRuns=10_CrowdSize=20over.dimacs,-,RTE,TO,TO
crowds.pm_15steps_8int_7fract_PCTL_TotalRuns=10_CrowdSize=20under.dimacs,-,RTE,TO,TO
crowds.pm_15steps_8int_7fract_PCTL_TotalRuns=3_CrowdSize=5over.dimacs,-,RTE,TO,TO
crowds.pm_15steps_8int_7fract_PCTL_TotalRuns=3_CrowdSize=5under.dimacs,-,RTE,TO,TO
crowds.pm_15steps_8int_7fract_PCTL_TotalRuns=6_CrowdSize=10over.dimacs,-,RTE,TO,TO
crowds.pm_15steps_8int_7fract_PCTL_TotalRuns=6_CrowdSize=10under.dimacs,-,RTE,TO,TO
egl.pm_100steps_6int_1fract_unfairA_N=10_L=2over.dimacs,-,0.0,0.165105,0.00541611
egl.pm_100steps_6int_1fract_unfairA_N=10_L=2under.dimacs,-,0.0,0.145602,0.00529711
egl.pm_100steps_6int_1fract_unfairA_N=10_L=4over.dimacs,-,RTE,TO,TO
egl.pm_100steps_6int_1fract_unfairA_N=10_L=4under.dimacs,-,RTE,TO,TO
egl.pm_100steps_6int_1fract_unfairA_N=7_L=2over.dimacs,-,0.0,0.166074,0.00415494
egl.pm_100steps_6int_1fract_unfairA_N=7_L=2under.dimacs,-,0.0,0.244648,0.00478799
egl.pm_100steps_6int_1fract_unfairA_N=7_L=4over.dimacs,-,RTE,TO,TO
egl.pm_100steps_6int_1fract_unfairA_N=7_L=4under.dimacs,-,RTE,TO,TO
egl.pm_31steps_6int_1fract_unfairA_N=5_L=2over.dimacs,-,RTE,TO,TO
egl.pm_31steps_6int_1fract_unfairA_N=5_L=2under.dimacs,-,RTE,TO,TO
egl.pm_60steps_6int_1fract_unfairA_N=5_L=4over.dimacs,-,RTE,TO,TO
egl.pm_60steps_6int_1fract_unfairA_N=5_L=4under.dimacs,-,RTE,TO,TO
herman15.pm_20steps_6int_1fract_stable_over.dimacs,-,RTE,TO,TO
herman15.pm_20steps_6int_1fract_stable_under.dimacs,-,RTE,TO,TO
herman21.pm_20steps_6int_1fract_stable_over.dimacs,-,RTE,TO,TO
herman21.pm_20steps_6int_1fract_stable_under.dimacs,-,RTE,TO,TO
herman31.pm_20steps_6int_1fract_stable_over.dimacs,-,RTE,TO,TO
herman31.pm_20steps_6int_1fract_stable_under.dimacs,-,RTE,TO,TO
herman3.pm_20steps_6int_1fract_stable_over.dimacs,5,60.04,40.2724,14.2943
herman3.pm_20steps_6int_1fract_stable_under.dimacs,5,60.03,41.2514,14.173
herman41.pm_20steps_6int_1fract_stable_over.dimacs,-,RTE,TO,TO
herman41.pm_20steps_6int_1fract_stable_under.dimacs,-,RTE,TO,TO
herman9.pm_20steps_6int_1fract_stable_over.dimacs,16,68.91000000000001,197.1,92.5244
herman9.pm_20steps_6int_1fract_stable_under.dimacs,16,68.95,132.085,92.1469
leader_sync3_2.pm_4steps_7int_1fract_elected_over.dimacs,5,60.02,28.1131,8.17503
leader_sync3_2.pm_4steps_7int_1fract_elected_under.dimacs,5,60.01,26.8854,8.07802
leader_sync3_32.pm_4steps_7int_5fract_elected_over.dimacs,37,60.72,TO,TO
leader_sync3_32.pm_4steps_7int_5fract_elected_under.dimacs,37,60.97,TO,TO
leader_sync3_64.pm_4steps_7int_6fract_elected_over.dimacs,-,RTE,TO,TO
leader_sync3_64.pm_4steps_7int_6fract_elected_under.dimacs,-,RTE,TO,TO
leader_sync3_8.pm_4steps_7int_3fract_elected_over.dimacs,19,60.22,38.9024,12.0092
leader_sync3_8.pm_4steps_7int_3fract_elected_under.dimacs,19,60.23,30.8714,12.0218
leader_sync4_11.pm_5steps_7int_10fract_elected_neg_over.dimacs,-,RTE,TO,TO
leader_sync4_11.pm_5steps_7int_10fract_elected_neg_under.dimacs,-,RTE,TO,TO
leader_sync4_11.pm_5steps_7int_10fract_elected_over.dimacs,-,RTE,TO,TO
leader_sync4_11.pm_5steps_7int_10fract_elected_under.dimacs,-,RTE,TO,TO
leader_sync4_11.pm_5steps_7int_11fract_elected_neg_over.dimacs,-,RTE,TO,TO
leader_sync4_11.pm_5steps_7int_11fract_elected_neg_under.dimacs,-,RTE,TO,TO
leader_sync4_11.pm_5steps_7int_11fract_elected_over.dimacs,-,RTE,TO,TO
leader_sync4_11.pm_5steps_7int_11fract_elected_under.dimacs,-,RTE,TO,TO
leader_sync4_11.pm_5steps_7int_12fract_elected_neg_over.dimacs,-,RTE,TO,TO
leader_sync4_11.pm_5steps_7int_12fract_elected_neg_under.dimacs,-,RTE,TO,TO
leader_sync4_11.pm_5steps_7int_12fract_elected_over.dimacs,-,RTE,TO,TO
leader_sync4_11.pm_5steps_7int_12fract_elected_under.dimacs,-,RTE,TO,TO
leader_sync4_11.pm_5steps_7int_13fract_elected_neg_over.dimacs,-,RTE,TO,TO
leader_sync4_11.pm_5steps_7int_13fract_elected_neg_under.dimacs,-,RTE,TO,TO
leader_sync4_11.pm_5steps_7int_13fract_elected_over.dimacs,-,RTE,TO,TO
leader_sync4_11.pm_5steps_7int_13fract_elected_under.dimacs,-,RTE,TO,TO
leader_sync4_11.pm_5steps_7int_14fract_elected_neg_over.dimacs,-,RTE,TO,TO
leader_sync4_11.pm_5steps_7int_14fract_elected_neg_under.dimacs,-,RTE,TO,TO
leader_sync4_11.pm_5steps_7int_14fract_elected_over.dimacs,-,RTE,TO,TO
leader_sync4_11.pm_5steps_7int_14fract_elected_under.dimacs,-,RTE,TO,TO
leader_sync4_11.pm_5steps_7int_15fract_elected_neg_over.dimacs,-,RTE,TO,TO
leader_sync4_11.pm_5steps_7int_15fract_elected_neg_under.dimacs,-,RTE,TO,TO
leader_sync4_11.pm_5steps_7int_15fract_elected_over.dimacs,-,RTE,TO,TO
leader_sync4_11.pm_5steps_7int_15fract_elected_under.dimacs,-,RTE,TO,TO
leader_sync4_11.pm_5steps_7int_16fract_elected_neg_over.dimacs,-,RTE,TO,TO
leader_sync4_11.pm_5steps_7int_16fract_elected_neg_under.dimacs,-,RTE,TO,TO
leader_sync4_11.pm_5steps_7int_16fract_elected_over.dimacs,-,RTE,TO,TO
leader_sync4_11.pm_5steps_7int_16fract_elected_under.dimacs,-,RTE,TO,TO
leader_sync4_11.pm_5steps_7int_17fract_elected_neg_over.dimacs,-,RTE,TO,TO
leader_sync4_11.pm_5steps_7int_17fract_elected_neg_under.dimacs,-,RTE,TO,TO
leader_sync4_11.pm_5steps_7int_17fract_elected_over.dimacs,-,RTE,TO,TO
leader_sync4_11.pm_5steps_7int_17fract_elected_under.dimacs,-,RTE,TO,TO
leader_sync4_11.pm_5steps_7int_18fract_elected_neg_over.dimacs,-,RTE,TO,TO
leader_sync4_11.pm_5steps_7int_18fract_elected_neg_under.dimacs,-,RTE,TO,TO
leader_sync4_11.pm_5steps_7int_18fract_elected_over.dimacs,-,RTE,TO,TO
leader_sync4_11.pm_5steps_7int_18fract_elected_under.dimacs,-,RTE,TO,TO
leader_sync4_11.pm_5steps_7int_19fract_elected_neg_over.dimacs,-,RTE,TO,TO
leader_sync4_11.pm_5steps_7int_19fract_elected_neg_under.dimacs,-,RTE,TO,TO
leader_sync4_11.pm_5steps_7int_19fract_elected_over.dimacs,-,RTE,TO,TO
leader_sync4_11.pm_5steps_7int_19fract_elected_under.dimacs,-,RTE,TO,TO
leader_sync4_11.pm_5steps_7int_20fract_elected_neg_over.dimacs,-,RTE,TO,TO
leader_sync4_11.pm_5steps_7int_20fract_elected_neg_under.dimacs,-,RTE,TO,TO
leader_sync4_11.pm_5steps_7int_20fract_elected_over.dimacs,-,RTE,TO,TO
leader_sync4_11.pm_5steps_7int_20fract_elected_under.dimacs,-,RTE,TO,TO
leader_sync4_11.pm_5steps_7int_4fract_elected_neg_over.dimacs,20,60.42,88.3555,34.5405
leader_sync4_11.pm_5steps_7int_4fract_elected_neg_under.dimacs,15,60.4,100.064,36.7956
leader_sync4_11.pm_5steps_7int_4fract_elected_over.dimacs,23,60.81,92.4296,36.8117
leader_sync4_11.pm_5steps_7int_4fract_elected_under.dimacs,18,60.47,69.2988,34.2442
leader_sync4_11.pm_5steps_7int_5fract_elected_neg_over.dimacs,20,60.47,91.0453,45.099
leader_sync4_11.pm_5steps_7int_5fract_elected_neg_under.dimacs,21,60.480000000000004,94.5099,44.317
leader_sync4_11.pm_5steps_7int_5fract_elected_over.dimacs,23,60.9,99.926,44.3714
leader_sync4_11.pm_5steps_7int_5fract_elected_under.dimacs,21,60.89,119.78,44.7994
leader_sync4_11.pm_5steps_7int_6fract_elected_neg_over.dimacs,20,60.730000000000004,93.712,53.3755
leader_sync4_11.pm_5steps_7int_6fract_elected_neg_under.dimacs,20,60.73,114.41,54.4081
leader_sync4_11.pm_5steps_7int_6fract_elected_over.dimacs,22,60.91,109.454,55.3983
leader_sync4_11.pm_5steps_7int_6fract_elected_under.dimacs,23,60.91,147.618,56.429
leader_sync4_11.pm_5steps_7int_7fract_elected_neg_over.dimacs,22,60.53,109.272,64.1343
leader_sync4_11.pm_5steps_7int_7fract_elected_neg_under.dimacs,23,60.55,123.917,70.5709
leader_sync4_11.pm_5steps_7int_7fract_elected_over.dimacs,23,61.01,129.406,65.8341
leader_sync4_11.pm_5steps_7int_7fract_elected_under.dimacs,23,61.01,133.148,69.9475
leader_sync4_11.pm_5steps_7int_8fract_elected_neg_over.dimacs,22,60.589999999999996,146.784,81.5824
leader_sync4_11.pm_5steps_7int_8fract_elected_neg_under.dimacs,24,60.58,164.502,83.8165
leader_sync4_11.pm_5steps_7int_8fract_elected_over.dimacs,23,61.32,150.108,81.7668
leader_sync4_11.pm_5steps_7int_8fract_elected_under.dimacs,23,61.18,184.194,83.9998
leader_sync4_11.pm_5steps_7int_9fract_elected_neg_over.dimacs,-,RTE,TO,TO
leader_sync4_11.pm_5steps_7int_9fract_elected_neg_under.dimacs,-,RTE,TO,TO
leader_sync4_11.pm_5steps_7int_9fract_elected_over.dimacs,-,RTE,TO,TO
leader_sync4_11.pm_5steps_7int_9fract_elected_under.dimacs,23,61.58,244.783,100.623
leader_sync4_2.pm_5steps_7int_1fract_elected_over.dimacs,8,60.03,42.5262,14.3547
leader_sync4_2.pm_5steps_7int_1fract_elected_under.dimacs,8,60.03,41.5821,14.3371
leader_sync4_32.pm_5steps_7int_5fract_elected_over.dimacs,-,RTE,TO,TO
leader_sync4_32.pm_5steps_7int_5fract_elected_under.dimacs,-,RTE,TO,TO
leader_sync4_64.pm_5steps_7int_6fract_elected_over.dimacs,-,RTE,TO,TO
leader_sync4_64.pm_5steps_7int_6fract_elected_under.dimacs,-,RTE,TO,TO
leader_sync4_8.pm_5steps_7int_3fract_elected_over.dimacs,18,60.47,67.0603,22.7382
leader_sync4_8.pm_5steps_7int_3fract_elected_under.dimacs,18,60.48,52.1211,22.7621
leader_sync6_2.pm_7steps_7int_1fract_elected_over.dimacs,11,60.06,112.387,35.9358
leader_sync6_2.pm_7steps_7int_1fract_elected_under.dimacs,11,60.07,93.3054,35.6938
leader_sync6_32.pm_7steps_7int_5fract_elected_over.dimacs,-,RTE,TO,TO
leader_sync6_32.pm_7steps_7int_5fract_elected_under.dimacs,-,RTE,TO,TO
leader_sync6_64.pm_7steps_7int_6fract_elected_over.dimacs,-,RTE,TO,TO
leader_sync6_64.pm_7steps_7int_6fract_elected_under.dimacs,-,RTE,TO,TO
leader_sync6_8.pm_7steps_7int_3fract_elected_over.dimacs,26,76.35,124.309,68.1767
leader_sync6_8.pm_7steps_7int_3fract_elected_under.dimacs,26,76.47999999999999,152.633,67.5773
log-1.cnf,14,57.94,0.886297,0.595167
log-2.cnf,123,60.12,51.086,TO
log-3.cnf,90,60.05,46.5997,TO
log-4.cnf,75,60.61,50.2422,TO
log-5.cnf,123,145.14,92.2037,TO
nand.pm_100steps_15int_8fract_lessThan10PercentAreErroneous_N=20_K=4over.dimacs,-,0.0,0.145409,0.00527491
nand.pm_100steps_15int_8fract_lessThan10PercentAreErroneous_N=20_K=4under.dimacs,-,0.0,0.247882,0.00422597
nand.pm_80steps_15int_8fract_lessThan10PercentAreErroneous_N=20_K=2over.dimacs,-,0.0,0.160674,0.00407011
nand.pm_80steps_15int_8fract_lessThan10PercentAreErroneous_N=20_K=2under.dimacs,-,0.0,0.225146,0.00434492
nand.pm_80steps_15int_8fract_lessThan10PercentAreErroneous_N=20_K=3over.dimacs,-,0.0,0.156399,0.00511909
nand.pm_80steps_15int_8fract_lessThan10PercentAreErroneous_N=20_K=3under.dimacs,-,0.0,0.118512,0.00529297
or-100-10-10.cnf,-,0.0,0.242553,0.00447888
or-100-10-10-UC-10.cnf,4,60.03,0.432116,0.360132
or-100-10-10-UC-20.cnf,4,60.010000000000005,0.64759,0.362322
or-100-10-10-UC-30.cnf,4,60.02,0.666248,0.338779
or-100-10-10-UC-40.cnf,3,35.98,0.369171,0.345912
or-100-10-10-UC-50.cnf,3,41.56,0.377288,0.327501
or-100-10-10-UC-60.cnf,3,39.980000000000004,0.553045,0.348853
or-100-10-1.cnf,-,0.0,0.116834,0.00529203
or-100-10-1-UC-10.cnf,4,60.01,0.439533,0.339185
or-100-10-1-UC-20.cnf,3,50.739999999999995,0.553865,0.343473
or-100-10-1-UC-30.cnf,2,0.02,0.373931,0.35879
or-100-10-1-UC-40.cnf,-,0.0,0.164587,0.00435498
or-100-10-1-UC-50.cnf,-,0.0,0.145257,0.00507408
or-100-10-1-UC-60.cnf,2,0.02,0.626289,0.33079
or-100-10-2.cnf,-,0.0,0.245614,0.00431905
or-100-10-2-UC-10.cnf,4,59.97,0.642677,0.352041
or-100-10-2-UC-20.cnf,4,59.99,0.382364,0.333134
or-100-10-2-UC-30.cnf,4,60.01,0.368655,0.33938
or-100-10-2-UC-40.cnf,3,59.989999999999995,0.538337,0.33635
or-100-10-2-UC-50.cnf,3,30.01,0.606532,0.331407
or-100-10-2-UC-60.cnf,2,60.05,0.382805,0.31909
or-100-10-3.cnf,-,0.0,0.237736,0.00481699
or-100-10-3-UC-10.cnf,3,60.010000000000005,0.497201,0.341874
or-100-10-3-UC-20.cnf,4,54.26,0.621849,0.345485
or-100-10-3-UC-30.cnf,3,46.69,0.454163,0.354142
or-100-10-3-UC-40.cnf,3,30.0,0.5165,0.327989
or-100-10-3-UC-50.cnf,3,30.0,0.626264,0.319831
or-100-10-3-UC-60.cnf,3,59.97,0.661129,0.342724
or-100-10-4.cnf,-,0.0,0.145812,0.00464204
or-100-10-4-UC-10.cnf,3,60.05,0.649545,0.339377
or-100-10-4-UC-20.cnf,3,59.89,0.453318,0.352062
or-100-10-4-UC-30.cnf,3,42.82,0.643478,0.368268
or-100-10-4-UC-40.cnf,3,49.08,0.482161,0.338493
or-100-10-4-UC-50.cnf,3,42.84,0.391271,0.348024
or-100-10-4-UC-60.cnf,2,0.02,0.733542,0.326895
or-100-10-5.cnf,-,0.0,0.235057,0.00477595
or-100-10-5-UC-10.cnf,4,59.980000000000004,0.367943,0.37459
or-100-10-5-UC-20.cnf,4,52.52,0.364463,0.354836
or-100-10-5-UC-30.cnf,4,48.040000000000006,0.651616,0.340567
or-100-10-5-UC-40.cnf,4,53.69,0.373898,0.343444
or-100-10-5-UC-50.cnf,3,60.0,0.668778,0.337021
or-100-10-5-UC-60.cnf,2,0.01,0.4355,0.326619
or-100-10-6.cnf,-,0.0,0.236824,0.00482299
or-100-10-6-UC-10.cnf,-,0.0,0.116481,0.00452204
or-100-10-6-UC-20.cnf,3,59.98,0.603427,0.334621
or-100-10-6-UC-30.cnf,3,49.99,0.62328,0.343778
or-100-10-6-UC-40.cnf,2,30.02,0.556937,0.354278
or-100-10-6-UC-50.cnf,2,25.72,0.710637,0.33359
or-100-10-6-UC-60.cnf,2,25.71,0.636752,0.348182
or-100-10-7.cnf,-,0.0,0.161003,0.00534296
or-100-10-7-UC-10.cnf,4,60.0,0.599836,0.337378
or-100-10-7-UC-20.cnf,4,53.43000000000001,0.681968,0.351133
or-100-10-7-UC-30.cnf,3,53.04,0.534887,0.337977
or-100-10-7-UC-40.cnf,3,52.51,0.640661,0.324678
or-100-10-7-UC-50.cnf,4,59.989999999999995,0.435646,0.329971
or-100-10-7-UC-60.cnf,3,59.98,0.695184,0.327532
or-100-10-8.cnf,-,0.0,0.151131,0.00452093
or-100-10-8-UC-10.cnf,4,39.980000000000004,0.436804,0.331627
or-100-10-8-UC-20.cnf,3,59.98,0.711862,0.335036
or-100-10-8-UC-30.cnf,3,60.03,0.566367,0.341592
or-100-10-8-UC-40.cnf,3,52.95,0.662458,0.372238
or-100-10-8-UC-50.cnf,4,59.97,0.694695,0.352999
or-100-10-8-UC-60.cnf,3,60.010000000000005,0.678024,0.325761
or-100-10-9.cnf,-,0.0,0.233213,0.00558304
or-100-10-9-UC-10.cnf,4,60.02,0.428348,0.351721
or-100-10-9-UC-20.cnf,4,54.790000000000006,0.577422,0.341363
or-100-10-9-UC-30.cnf,4,60.010000000000005,0.37647,0.351445
or-100-10-9-UC-40.cnf,4,60.0,0.654963,0.364127
or-100-10-9-UC-50.cnf,4,60.01,0.74772,0.340533
or-100-10-9-UC-60.cnf,4,54.81999999999999,0.439224,0.367915
or-100-20-10.cnf,-,0.0,0.151279,0.00451007
or-100-20-10-UC-10.cnf,4,60.04,0.59138,0.356095
or-100-20-10-UC-20.cnf,4,60.040000000000006,0.355874,0.368076
or-100-20-10-UC-30.cnf,4,51.739999999999995,0.588519,0.354067
or-100-20-10-UC-40.cnf,5,60.01,0.679641,0.365586
or-100-20-10-UC-50.cnf,4,52.51,0.382751,0.37402
or-100-20-10-UC-60.cnf,4,60.03,0.625515,0.356398
or-100-20-1.cnf,-,0.0,0.232075,0.00502889
or-100-20-1-UC-10.cnf,4,60.03,0.636658,0.380224
or-100-20-1-UC-20.cnf,4,60.05,0.40859,0.36548
or-100-20-1-UC-30.cnf,4,60.06,0.615856,0.393469
or-100-20-1-UC-40.cnf,4,56.01,0.620372,0.353044
or-100-20-1-UC-50.cnf,3,54.57,0.697413,0.335726
or-100-20-1-UC-60.cnf,4,54.59,0.688381,0.350352
or-100-20-2.cnf,-,0.0,0.245061,0.00441895
or-100-20-2-UC-10.cnf,4,59.97,0.438391,0.365107
or-100-20-2-UC-20.cnf,4,60.07,0.642695,0.354645
or-100-20-2-UC-30.cnf,4,53.69,0.37777,0.365252
or-100-20-2-UC-40.cnf,4,53.349999999999994,0.370751,0.394524
or-100-20-2-UC-50.cnf,4,60.06,0.650789,0.377158
or-100-20-2-UC-60.cnf,5,60.03,0.733146,0.379375
or-100-20-3.cnf,-,0.0,0.243658,0.00564188
or-100-20-3-UC-10.cnf,4,59.98,0.426856,0.366705
or-100-20-3-UC-20.cnf,4,60.010000000000005,0.609465,0.376649
or-100-20-3-UC-30.cnf,4,53.55,0.625013,0.384946
or-100-20-3-UC-40.cnf,4,60.04,0.612697,0.372118
or-100-20-3-UC-50.cnf,3,37.51,0.624345,0.335091
or-100-20-3-UC-60.cnf,2,38.18,0.653394,0.352428
or-100-20-4.cnf,-,0.0,0.117878,0.00367009
or-100-20-4-UC-10.cnf,4,60.06,0.402675,0.354507
or-100-20-4-UC-20.cnf,4,56.17,0.620758,0.368857
or-100-20-4-UC-30.cnf,5,60.01,0.678508,0.350699
or-100-20-4-UC-40.cnf,4,60.010000000000005,0.388104,0.359624
or-100-20-4-UC-50.cnf,4,60.0,0.437533,0.367571
or-100-20-4-UC-60.cnf,4,56.59,0.639081,0.375045
or-100-20-5.cnf,-,0.0,0.230143,0.00484904
or-100-20-5-UC-10.cnf,4,60.03,0.596323,0.343754
or-100-20-5-UC-20.cnf,4,60.019999999999996,0.416511,0.389413
or-100-20-5-UC-30.cnf,4,51.17,0.368183,0.357694
or-100-20-5-UC-40.cnf,4,60.02,0.631408,0.371547
or-100-20-5-UC-50.cnf,4,45.89,0.675429,0.352449
or-100-20-5-UC-60.cnf,4,59.989999999999995,0.666988,0.338765
or-100-20-6.cnf,-,0.0,0.14446,0.00382794
or-100-20-6-UC-10.cnf,4,60.02,0.530127,0.365884
or-100-20-6-UC-20.cnf,4,60.010000000000005,0.647138,0.375957
or-100-20-6-UC-30.cnf,4,60.04,0.619203,0.38764
or-100-20-6-UC-40.cnf,4,56.18,0.428498,0.363472
or-100-20-6-UC-50.cnf,4,55.879999999999995,0.643762,0.34818
or-100-20-6-UC-60.cnf,2,0.02,0.65962,0.328957
or-100-20-7.cnf,-,0.0,0.230012,0.00435712
or-100-20-7-UC-10.cnf,4,60.06,0.362628,0.342657
or-100-20-7-UC-20.cnf,4,60.260000000000005,0.423324,0.392048
or-100-20-7-UC-30.cnf,4,52.05,0.374658,0.355632
or-100-20-7-UC-40.cnf,4,56.95,0.690453,0.394611
or-100-20-7-UC-50.cnf,5,52.97,0.688217,0.35301
or-100-20-7-UC-60.cnf,3,55.74,0.690402,0.384464
or-100-20-8.cnf,-,0.0,0.11869,0.00376111
or-100-20-8-UC-10.cnf,4,52.96,0.650791,0.368158
or-100-20-8-UC-20.cnf,4,52.53,0.445701,0.367386
or-100-20-8-UC-30.cnf,4,60.02,0.435944,0.38842
or-100-20-8-UC-40.cnf,4,60.0,0.755572,0.335878
or-100-20-8-UC-50.cnf,4,60.01,0.442022,0.394296
or-100-20-8-UC-60.cnf,4,52.01,0.3891,0.352407
or-100-20-9.cnf,-,0.0,0.238255,0.00389804
or-100-20-9-UC-10.cnf,4,51.42,0.650518,0.356821
or-100-20-9-UC-20.cnf,4,55.379999999999995,0.413595,0.365626
or-100-20-9-UC-30.cnf,4,60.05,0.42966,0.397508
or-100-20-9-UC-40.cnf,4,60.0,0.569769,0.35697
or-100-20-9-UC-50.cnf,3,53.34,0.618756,0.342022
or-100-20-9-UC-60.cnf,3,44.01,0.569608,0.358638
or-100-5-10.cnf,-,0.0,0.16868,0.00415611
or-100-5-10-UC-10.cnf,-,0.0,0.240281,0.00441797
or-100-5-10-UC-20.cnf,3,59.980000000000004,0.69086,0.336822
or-100-5-10-UC-30.cnf,-,0.0,0.146012,0.00351202
or-100-5-10-UC-40.cnf,-,0.0,0.240986,0.005258
or-100-5-10-UC-50.cnf,-,0.0,0.165932,0.00565294
or-100-5-10-UC-60.cnf,-,0.0,0.232414,0.0074051
or-100-5-1.cnf,-,0.0,0.236521,0.00548191
or-100-5-1-UC-10.cnf,4,59.95,0.68307,0.339768
or-100-5-1-UC-20.cnf,4,59.989999999999995,0.452298,0.351523
or-100-5-1-UC-30.cnf,3,59.96,0.682822,0.316339
or-100-5-1-UC-40.cnf,-,0.0,0.163077,0.00539512
or-100-5-1-UC-50.cnf,-,0.0,0.23929,0.00426611
or-100-5-1-UC-60.cnf,-,0.0,0.120219,0.0050889
or-100-5-2.cnf,-,0.0,0.164028,0.00299788
or-100-5-2-UC-10.cnf,4,60.08,0.63471,0.339854
or-100-5-2-UC-20.cnf,4,59.989999999999995,0.634091,0.363566
or-100-5-2-UC-30.cnf,3,59.989999999999995,0.61234,0.378886
or-100-5-2-UC-40.cnf,3,59.989999999999995,0.428476,0.347197
or-100-5-2-UC-50.cnf,3,59.97,0.381161,0.333566
or-100-5-2-UC-60.cnf,2,59.99,0.6785,0.316851
or-100-5-3.cnf,-,0.0,0.244946,0.00484704
or-100-5-3-UC-10.cnf,-,0.0,0.164749,0.00543706
or-100-5-3-UC-20.cnf,-,0.0,0.220123,0.00454391
or-100-5-3-UC-30.cnf,-,0.0,0.11825,0.00526701
or-100-5-3-UC-40.cnf,3,59.97,0.434828,0.321773
or-100-5-3-UC-50.cnf,-,0.0,0.151583,0.00427111
or-100-5-3-UC-60.cnf,-,0.0,0.234038,0.00534802
or-100-5-4.cnf,-,0.0,0.239732,0.00479212
or-100-5-4-UC-10.cnf,4,46.67,0.650334,0.339997
or-100-5-4-UC-20.cnf,4,46.66,0.567903,0.354964
or-100-5-4-UC-30.cnf,4,54.78,0.36924,0.378152
or-100-5-4-UC-40.cnf,4,53.33,0.612756,0.363043
or-100-5-4-UC-50.cnf,3,46.67,0.634215,0.344333
or-100-5-4-UC-60.cnf,3,35.98,0.43467,0.312042
or-100-5-5.cnf,-,0.0,0.144615,0.00555006
or-100-5-5-UC-10.cnf,4,60.050000000000004,0.63895,0.341307
or-100-5-5-UC-20.cnf,4,60.07,0.578609,0.364879
or-100-5-5-UC-30.cnf,4,60.0,0.483883,0.351671
or-100-5-5-UC-40.cnf,4,52.94,0.646876,0.357641
or-100-5-5-UC-50.cnf,3,51.38,0.377434,0.343157
or-100-5-5-UC-60.cnf,3,50.78,0.631033,0.331696
or-100-5-6.cnf,-,0.0,0.117859,0.00290999
or-100-5-6-UC-10.cnf,-,0.0,0.241335,0.00337102
or-100-5-6-UC-20.cnf,2,0.02,0.375879,0.325597
or-100-5-6-UC-30.cnf,-,0.0,0.239651,0.00481095
or-100-5-6-UC-40.cnf,-,0.0,0.239625,0.00271191
or-100-5-6-UC-50.cnf,-,0.0,0.240851,0.00537097
or-100-5-6-UC-60.cnf,-,0.0,0.236997,0.00541507
or-100-5-7.cnf,-,0.0,0.165287,0.00386893
or-100-5-7-UC-10.cnf,-,0.0,0.146223,0.0055019
or-100-5-7-UC-20.cnf,4,60.01,0.73976,0.342915
or-100-5-7-UC-30.cnf,3,60.019999999999996,0.628938,0.347019
or-100-5-7-UC-40.cnf,3,60.01,0.377591,0.345346
or-100-5-7-UC-50.cnf,2,59.95,0.446661,0.351073
or-100-5-7-UC-60.cnf,-,0.0,0.154591,0.00500294
or-100-5-8.cnf,-,0.0,0.245824,0.00453705
or-100-5-8-UC-10.cnf,2,0.01,0.435797,0.336113
or-100-5-8-UC-20.cnf,4,39.97,0.445743,0.351196
or-100-5-8-UC-30.cnf,3,46.67,0.743357,0.344383
or-100-5-8-UC-40.cnf,2,59.980000000000004,0.654037,0.355064
or-100-5-8-UC-50.cnf,3,59.91,0.609558,0.310226
or-100-5-8-UC-60.cnf,3,59.92,0.380557,0.314841
or-100-5-9.cnf,-,0.0,0.136565,0.00526891
or-100-5-9-UC-10.cnf,4,59.980000000000004,0.527055,0.334933
or-100-5-9-UC-20.cnf,4,59.97,0.64454,0.353937
or-100-5-9-UC-30.cnf,4,59.96,0.432444,0.334616
or-100-5-9-UC-40.cnf,2,0.01,0.654386,0.344137
or-100-5-9-UC-50.cnf,-,0.0,0.246376,0.00458209
or-100-5-9-UC-60.cnf,-,0.0,0.164139,0.00461891
or-50-10-10.cnf,-,0.0,0.156914,0.00511288
or-50-10-10-UC-10.cnf,-,0.0,0.14992,0.00454309
or-50-10-10-UC-20.cnf,3,59.93,0.481389,0.310171
or-50-10-10-UC-30.cnf,3,59.92999999999999,0.421958,0.344469
or-50-10-10-UC-40.cnf,2,0.02,0.458934,0.334012
or-50-10-1.cnf,-,0.0,0.236438,0.00400895
or-50-10-1-UC-10.cnf,3,59.980000000000004,0.467788,0.380459
or-50-10-1-UC-20.cnf,3,39.99,0.240653,0.337159
or-50-10-1-UC-30.cnf,3,59.97,0.238367,0.335226
or-50-10-1-UC-40.cnf,-,0.0,0.240392,0.00462309
or-50-10-2.cnf,-,0.0,0.148756,0.00519606
or-50-10-2-UC-10.cnf,4,59.97,0.393637,0.342794
or-50-10-2-UC-20.cnf,3,35.97,0.402926,0.320558
or-50-10-2-UC-30.cnf,3,42.849999999999994,0.287555,0.31457
or-50-10-2-UC-40.cnf,3,59.949999999999996,0.444827,0.3116
or-50-10-3.cnf,-,0.0,0.152845,0.00450588
or-50-10-3-UC-10.cnf,4,59.99,0.405546,0.328363
or-50-10-3-UC-20.cnf,4,60.06999999999999,0.257847,0.343316
or-50-10-3-UC-30.cnf,4,50.760000000000005,0.235433,0.318568
or-50-10-3-UC-40.cnf,3,36.05,0.484998,0.30416
or-50-10-4.cnf,-,0.0,0.1516,0.00509804
or-50-10-4-UC-10.cnf,4,59.97,0.476708,0.317317
or-50-10-4-UC-20.cnf,4,59.97,0.405142,0.319301
or-50-10-4-UC-30.cnf,3,59.980000000000004,0.239198,0.331998
or-50-10-4-UC-40.cnf,4,60.06999999999999,0.454909,0.319666
or-50-10-5.cnf,-,0.0,0.234758,0.00496591
or-50-10-5-UC-10.cnf,4,59.980000000000004,0.392103,0.332337
or-50-10-5-UC-20.cnf,4,60.010000000000005,0.276296,0.323573
or-50-10-5-UC-30.cnf,4,60.0,0.410459,0.340536
or-50-10-5-UC-40.cnf,3,42.83,0.465931,0.319684
or-50-10-6.cnf,-,0.0,0.145085,0.00496091
or-50-10-6-UC-10.cnf,4,59.95,0.461003,0.340964
or-50-10-6-UC-20.cnf,3,59.99,0.286538,0.341832
or-50-10-6-UC-30.cnf,3,47.989999999999995,0.241967,0.327197
or-50-10-6-UC-40.cnf,3,46.629999999999995,0.297737,0.340762
or-50-10-7.cnf,-,0.0,0.144331,0.00357905
or-50-10-7-UC-10.cnf,4,59.959999999999994,0.455879,0.35003
or-50-10-7-UC-20.cnf,4,59.989999999999995,0.432354,0.349001
or-50-10-7-UC-30.cnf,4,59.989999999999995,0.464526,0.312291
or-50-10-7-UC-40.cnf,3,40.010000000000005,0.483943,0.345229
or-50-10-8.cnf,-,0.0,0.220965,0.00529191
or-50-10-8-UC-10.cnf,-,0.0,0.158395,0.00451205
or-50-10-8-UC-20.cnf,-,0.0,0.117924,0.00420192
or-50-10-8-UC-30.cnf,-,0.0,0.1505,0.00478911
or-50-10-8-UC-40.cnf,2,0.01,0.462826,0.332252
or-50-10-9.cnf,-,0.0,0.23607,0.00468505
or-50-10-9-UC-10.cnf,4,59.97,0.498569,0.316324
or-50-10-9-UC-20.cnf,4,59.96,0.238354,0.34049
or-50-10-9-UC-30.cnf,4,59.949999999999996,0.278327,0.319347
or-50-10-9-UC-40.cnf,4,59.989999999999995,0.274156,0.332982
or-50-20-10.cnf,-,0.0,0.154037,0.003288
or-50-20-10-UC-10.cnf,4,60.0,0.234771,0.343471
or-50-20-10-UC-20.cnf,4,60.01,0.385742,0.356325
or-50-20-10-UC-30.cnf,4,60.0,0.350659,0.348026
or-50-20-10-UC-40.cnf,5,59.97,0.421833,0.355472
or-50-20-1.cnf,-,0.0,0.230953,0.00473503
or-50-20-1-UC-10.cnf,4,60.07,0.276867,0.324243
or-50-20-1-UC-20.cnf,4,41.53,0.468196,0.330422
or-50-20-1-UC-30.cnf,4,60.01,0.462124,0.33567
or-50-20-1-UC-40.cnf,4,60.0,0.248565,0.355514
or-50-20-2.cnf,-,0.0,0.118538,0.00404112
or-50-20-2-UC-10.cnf,4,60.0,0.274973,0.315939
or-50-20-2-UC-20.cnf,4,60.0,0.277132,0.321014
or-50-20-2-UC-30.cnf,4,50.79,0.27464,0.320781
or-50-20-2-UC-40.cnf,4,59.989999999999995,0.458883,0.35483
or-50-20-3.cnf,-,0.0,0.243759,0.00295305
or-50-20-3-UC-10.cnf,4,60.06999999999999,0.37462,0.354305
or-50-20-3-UC-20.cnf,4,59.989999999999995,0.368867,0.319645
or-50-20-3-UC-30.cnf,4,52.51,0.283828,0.351432
or-50-20-3-UC-40.cnf,4,50.769999999999996,0.417865,0.329347
or-50-20-4.cnf,-,0.0,0.162133,0.0053931
or-50-20-4-UC-10.cnf,4,59.99,0.416896,0.318359
or-50-20-4-UC-20.cnf,4,60.0,0.476759,0.309421
or-50-20-4-UC-30.cnf,4,60.01,0.494538,0.342531
or-50-20-4-UC-40.cnf,4,59.989999999999995,0.373392,0.320733
or-50-20-5.cnf,-,0.0,0.241455,0.00520104
or-50-20-5-UC-10.cnf,4,59.959999999999994,0.275685,0.336846
or-50-20-5-UC-20.cnf,4,52.489999999999995,0.381326,0.328863
or-50-20-5-UC-30.cnf,4,53.989999999999995,0.481154,0.349985
or-50-20-5-UC-40.cnf,4,55.010000000000005,0.276644,0.336958
or-50-20-6.cnf,-,0.0,0.158638,0.00547306
or-50-20-6-UC-10.cnf,4,59.97,0.413359,0.316836
or-50-20-6-UC-20.cnf,4,60.0,0.377944,0.352228
or-50-20-6-UC-30.cnf,3,60.01,0.395586,0.314405
or-50-20-6-UC-40.cnf,4,59.97,0.416842,0.33824
or-50-20-7.cnf,-,0.0,0.227651,0.00378892
or-50-20-7-UC-10.cnf,4,59.92999999999999,0.46463,0.322167
or-50-20-7-UC-20.cnf,4,59.989999999999995,0.441528,0.344306
or-50-20-7-UC-30.cnf,3,47.94,0.234767,0.320618
or-50-20-7-UC-40.cnf,2,19.990000000000002,0.383902,0.31563
or-50-20-8.cnf,-,0.0,0.241478,0.00502995
or-50-20-8-UC-10.cnf,3,59.94,0.37617,0.316152
or-50-20-8-UC-20.cnf,3,45.0,0.430038,0.31678
or-50-20-8-UC-30.cnf,4,60.0,0.235435,0.329782
or-50-20-8-UC-40.cnf,4,59.99,0.293328,0.304124
or-50-20-9.cnf,-,0.0,0.159884,0.0049319
or-50-20-9-UC-10.cnf,3,60.05,0.407939,0.313549
or-50-20-9-UC-20.cnf,3,60.07,0.253378,0.318686
or-50-20-9-UC-30.cnf,4,59.97,0.454167,0.328621
or-50-20-9-UC-40.cnf,4,60.0,0.471711,0.320787
or-50-5-10.cnf,-,0.0,0.233008,0.00403305
or-50-5-10-UC-10.cnf,-,0.0,0.117083,0.00528693
or-50-5-10-UC-20.cnf,-,0.0,0.2414,0.00330295
or-50-5-10-UC-30.cnf,-,0.0,0.235111,0.00542395
or-50-5-10-UC-40.cnf,-,0.0,0.232096,0.00447703
or-50-5-1.cnf,-,0.0,0.153038,0.00508288
or-50-5-1-UC-10.cnf,4,59.93,0.300628,0.318299
or-50-5-1-UC-20.cnf,3,59.97,0.49194,0.320009
or-50-5-1-UC-30.cnf,-,0.0,0.229764,0.0040841
or-50-5-1-UC-40.cnf,-,0.0,0.15544,0.00533811
or-50-5-2.cnf,-,0.0,0.244591,0.00447904
or-50-5-2-UC-10.cnf,3,59.94,0.380469,0.328828
or-50-5-2-UC-20.cnf,3,59.98,0.279809,0.346644
or-50-5-2-UC-30.cnf,2,0.02,0.461563,0.342491
or-50-5-2-UC-40.cnf,-,0.0,0.156889,0.00384505
or-50-5-3.cnf,-,0.0,0.236686,0.00414198
or-50-5-3-UC-10.cnf,3,59.92,0.330032,0.331613
or-50-5-3-UC-20.cnf,3,39.99,0.285036,0.318128
or-50-5-3-UC-30.cnf,3,39.99,0.236356,0.325875
or-50-5-3-UC-40.cnf,3,39.989999999999995,0.425112,0.307202
or-50-5-4.cnf,-,0.0,0.117807,0.005125
or-50-5-4-UC-10.cnf,4,59.980000000000004,0.502374,0.334357
or-50-5-4-UC-20.cnf,4,60.01,0.397505,0.321426
or-50-5-4-UC-30.cnf,4,59.980000000000004,0.419398,0.341448
or-50-5-4-UC-40.cnf,4,59.989999999999995,0.278401,0.352871
or-50-5-5.cnf,-,0.0,0.151835,0.00553606
or-50-5-5-UC-10.cnf,4,59.96000000000001,0.277633,0.310933
or-50-5-5-UC-20.cnf,3,39.99,0.410079,0.316771
or-50-5-5-UC-30.cnf,-,0.0,0.146239,0.00433506
or-50-5-5-UC-40.cnf,-,0.0,0.240525,0.0040619
or-50-5-6.cnf,-,0.0,0.119335,0.00349195
or-50-5-6-UC-10.cnf,-,0.0,0.166089,0.00372493
or-50-5-6-UC-20.cnf,-,0.0,0.117326,0.00503996
or-50-5-6-UC-30.cnf,-,0.0,0.166534,0.00528698
or-50-5-6-UC-40.cnf,-,0.0,0.143743,0.0049691
or-50-5-7.cnf,-,0.0,0.225171,0.0051029
or-50-5-7-UC-10.cnf,4,59.93,0.501945,0.329879
or-50-5-7-UC-20.cnf,4,59.980000000000004,0.306344,0.324394
or-50-5-7-UC-30.cnf,4,60.08,0.454942,0.319729
or-50-5-7-UC-40.cnf,4,44.97,0.429055,0.311636
or-50-5-8.cnf,-,0.0,0.236754,0.00391502
or-50-5-8-UC-10.cnf,4,59.97,0.485908,0.314948
or-50-5-8-UC-20.cnf,3,59.97,0.394013,0.325867
or-50-5-8-UC-30.cnf,3,60.0,0.319568,0.31448
or-50-5-8-UC-40.cnf,-,0.0,0.23584,0.00458101
or-50-5-9.cnf,-,0.0,0.144335,0.00522898
or-50-5-9-UC-10.cnf,3,59.95,0.455578,0.315583
or-50-5-9-UC-20.cnf,3,59.91,0.243169,0.305578
or-50-5-9-UC-30.cnf,3,59.93000000000001,0.40282,0.303477
or-50-5-9-UC-40.cnf,3,59.95,0.464578,0.309265
or-60-10-10.cnf,-,0.0,0.145573,0.00480988
or-60-10-10-UC-10.cnf,4,59.97,0.408781,0.328563
or-60-10-10-UC-20.cnf,4,48.01,0.315946,0.3309
or-60-10-10-UC-30.cnf,3,51.45,0.266104,0.339212
or-60-10-10-UC-40.cnf,3,50.02,0.510588,0.347676
or-60-10-1.cnf,-,0.0,0.14573,0.00389893
or-60-10-1-UC-10.cnf,4,59.99,0.281245,0.332664
or-60-10-1-UC-20.cnf,4,59.980000000000004,0.28006,0.325122
or-60-10-1-UC-30.cnf,4,60.0,0.524112,0.355455
or-60-10-1-UC-40.cnf,4,60.019999999999996,0.441327,0.353622
or-60-10-2.cnf,-,0.0,0.23017,0.0036001
or-60-10-2-UC-10.cnf,4,59.97,0.475747,0.32266
or-60-10-2-UC-20.cnf,4,51.99,0.471571,0.332714
or-60-10-2-UC-30.cnf,3,59.96,0.315779,0.352021
or-60-10-2-UC-40.cnf,3,59.96,0.518705,0.31451
or-60-10-3.cnf,-,0.0,0.144062,0.004037
or-60-10-3-UC-10.cnf,4,59.95,0.268907,0.312592
or-60-10-3-UC-20.cnf,4,60.019999999999996,0.509992,0.33404
or-60-10-3-UC-30.cnf,4,53.97,0.438284,0.339774
or-60-10-3-UC-40.cnf,4,54.31,0.495862,0.355891
or-60-10-4.cnf,-,0.0,0.246945,0.00500304
or-60-10-4-UC-10.cnf,-,0.0,0.153424,0.00546398
or-60-10-4-UC-20.cnf,-,0.0,0.165424,0.00497405
or-60-10-4-UC-30.cnf,-,0.0,0.155605,0.00519412
or-60-10-4-UC-40.cnf,-,0.0,0.145085,0.00537393
or-60-10-5.cnf,-,0.0,0.224114,0.00413898
or-60-10-5-UC-10.cnf,3,42.81,0.456618,0.330662
or-60-10-5-UC-20.cnf,4,50.0,0.492833,0.355434
or-60-10-5-UC-30.cnf,3,50.769999999999996,0.413524,0.335725
or-60-10-5-UC-40.cnf,3,59.98,0.449017,0.32689
or-60-10-6.cnf,-,0.0,0.239346,0.00517308
or-60-10-6-UC-10.cnf,4,59.989999999999995,0.48754,0.353877
or-60-10-6-UC-20.cnf,3,59.96,0.455692,0.316159
or-60-10-6-UC-30.cnf,3,59.989999999999995,0.441483,0.322671
or-60-10-6-UC-40.cnf,2,0.01,0.263317,0.320583
or-60-10-7.cnf,-,0.0,0.241266,0.0037849
or-60-10-7-UC-10.cnf,3,59.92,0.467195,0.339907
or-60-10-7-UC-20.cnf,-,0.0,0.165538,0.00560509
or-60-10-7-UC-30.cnf,3,59.97,0.550237,0.3262
or-60-10-7-UC-40.cnf,2,59.98,0.470343,0.311612
or-60-10-8.cnf,-,0.0,0.243881,0.0044191
or-60-10-8-UC-10.cnf,3,59.96,0.517023,0.336409
or-60-10-8-UC-20.cnf,3,59.97,0.379598,0.323457
or-60-10-8-UC-30.cnf,3,24.009999999999998,0.265323,0.324236
or-60-10-8-UC-40.cnf,3,59.93,0.515896,0.330197
or-60-10-9.cnf,-,0.0,0.126615,0.00535805
or-60-10-9-UC-10.cnf,-,0.0,0.172283,0.00385899
or-60-10-9-UC-20.cnf,3,59.95,0.413932,0.304444
or-60-10-9-UC-30.cnf,2,0.02,0.436093,0.310499
or-60-10-9-UC-40.cnf,-,0.0,0.166857,0.00550392
or-60-20-10.cnf,-,0.0,0.126219,0.00433511
or-60-20-10-UC-10.cnf,4,60.0,0.472932,0.355563
or-60-20-10-UC-20.cnf,4,60.0,0.478496,0.327061
or-60-20-10-UC-30.cnf,4,52.519999999999996,0.315323,0.356831
or-60-20-10-UC-40.cnf,3,54.55,0.281384,0.350204
or-60-20-1.cnf,-,0.0,0.160153,0.00539606
or-60-20-1-UC-10.cnf,4,59.989999999999995,0.305608,0.326622
or-60-20-1-UC-20.cnf,2,0.01,0.520369,0.316981
or-60-20-1-UC-30.cnf,4,60.019999999999996,0.498689,0.319704
or-60-20-1-UC-40.cnf,4,60.089999999999996,0.499101,0.34124
or-60-20-2.cnf,-,0.0,0.233661,0.00484891
or-60-20-2-UC-10.cnf,4,59.980000000000004,0.503111,0.330059
or-60-20-2-UC-20.cnf,4,60.03,0.414517,0.324763
or-60-20-2-UC-30.cnf,4,52.519999999999996,0.25937,0.324516
or-60-20-2-UC-40.cnf,4,50.760000000000005,0.269766,0.350433
or-60-20-3.cnf,-,0.0,0.145639,0.00499689
or-60-20-3-UC-10.cnf,4,59.98,0.385673,0.332078
or-60-20-3-UC-20.cnf,4,60.01,0.307962,0.322756
or-60-20-3-UC-30.cnf,4,54.54,0.454429,0.363874
or-60-20-3-UC-40.cnf,3,60.0,0.506898,0.352821
or-60-20-4.cnf,-,0.0,0.146506,0.00395904
or-60-20-4-UC-10.cnf,4,60.03,0.397961,0.365477
or-60-20-4-UC-20.cnf,4,60.01,0.415295,0.339021
or-60-20-4-UC-30.cnf,4,60.099999999999994,0.431236,0.361491
or-60-20-4-UC-40.cnf,4,60.04,0.49117,0.366474
or-60-20-5.cnf,-,0.0,0.130736,0.00502992
or-60-20-5-UC-10.cnf,4,59.989999999999995,0.308538,0.331567
or-60-20-5-UC-20.cnf,4,60.0,0.523768,0.35119
or-60-20-5-UC-30.cnf,4,60.0,0.399493,0.331479
or-60-20-5-UC-40.cnf,4,60.0,0.477295,0.327997
or-60-20-6.cnf,-,0.0,0.146934,0.00466988
or-60-20-6-UC-10.cnf,4,60.02,0.503272,0.353076
or-60-20-6-UC-20.cnf,5,60.0,0.480687,0.341012
or-60-20-6-UC-30.cnf,4,60.0,0.446914,0.350716
or-60-20-6-UC-40.cnf,4,59.99,0.437697,0.353829
or-60-20-7.cnf,-,0.0,0.126254,0.00544911
or-60-20-7-UC-10.cnf,4,59.980000000000004,0.267486,0.332483
or-60-20-7-UC-20.cnf,4,56.28,0.360721,0.358764
or-60-20-7-UC-30.cnf,4,60.010000000000005,0.503399,0.341
or-60-20-7-UC-40.cnf,5,59.99,0.519576,0.355719
or-60-20-8.cnf,-,0.0,0.239028,0.00552994
or-60-20-8-UC-10.cnf,4,52.5,0.299605,0.336905
or-60-20-8-UC-20.cnf,4,59.98,0.280914,0.323043
or-60-20-8-UC-30.cnf,4,59.97,0.488689,0.345618
or-60-20-8-UC-40.cnf,3,59.92,0.523766,0.321976
or-60-20-9.cnf,-,0.0,0.246551,0.004996
or-60-20-9-UC-10.cnf,3,36.0,0.432778,0.321391
or-60-20-9-UC-20.cnf,3,35.97,0.465074,0.322448
or-60-20-9-UC-30.cnf,3,35.989999999999995,0.513896,0.321
or-60-20-9-UC-40.cnf,3,36.0,0.337214,0.310445
or-60-5-10.cnf,-,0.0,0.234563,0.00503092
or-60-5-10-UC-10.cnf,4,59.96,0.415209,0.323554
or-60-5-10-UC-20.cnf,4,59.96,0.45335,0.346281
or-60-5-10-UC-30.cnf,3,59.96,0.320786,0.33966
or-60-5-10-UC-40.cnf,2,0.01,0.323293,0.307019
or-60-5-1.cnf,-,0.0,0.236956,0.00457908
or-60-5-1-UC-10.cnf,3,35.99,0.525038,0.320788
or-60-5-1-UC-20.cnf,3,59.98,0.274986,0.320394
or-60-5-1-UC-30.cnf,3,59.989999999999995,0.520319,0.338056
or-60-5-1-UC-40.cnf,2,0.02,0.45519,0.329089
or-60-5-2.cnf,-,0.0,0.233326,0.00477394
or-60-5-2-UC-10.cnf,4,59.980000000000004,0.512896,0.327821
or-60-5-2-UC-20.cnf,3,42.84,0.409605,0.328743
or-60-5-2-UC-30.cnf,3,59.96,0.486495,0.349453
or-60-5-2-UC-40.cnf,-,0.0,0.158963,0.0031011
or-60-5-3.cnf,-,0.0,0.238598,0.00398195
or-60-5-3-UC-10.cnf,4,59.959999999999994,0.476697,0.335877
or-60-5-3-UC-20.cnf,4,59.97,0.446144,0.341836
or-60-5-3-UC-30.cnf,2,0.01,0.422668,0.341177
or-60-5-3-UC-40.cnf,-,0.0,0.242266,0.00363804
or-60-5-4.cnf,-,0.0,0.235803,0.00407092
or-60-5-4-UC-10.cnf,2,0.02,0.50916,0.315692
or-60-5-4-UC-20.cnf,2,0.02,0.422845,0.317896
or-60-5-4-UC-30.cnf,2,0.02,0.423509,0.306715
or-60-5-4-UC-40.cnf,2,0.02,0.493124,0.319135
or-60-5-5.cnf,-,0.0,0.126031,0.00399509
or-60-5-5-UC-10.cnf,4,59.94,0.535218,0.323694
or-60-5-5-UC-20.cnf,3,60.05,0.519651,0.33364
or-60-5-5-UC-30.cnf,3,59.93000000000001,0.317492,0.332013
or-60-5-5-UC-40.cnf,-,0.0,0.118102,0.00531298
or-60-5-6.cnf,-,0.0,0.230136,0.00343411
or-60-5-6-UC-10.cnf,-,0.0,0.161542,0.00531696
or-60-5-6-UC-20.cnf,3,35.96,0.455608,0.316196
or-60-5-6-UC-30.cnf,3,59.96,0.267024,0.343839
or-60-5-6-UC-40.cnf,3,59.94,0.335111,0.31088
or-60-5-7.cnf,-,0.0,0.117193,0.00406404
or-60-5-7-UC-10.cnf,3,59.93,0.462001,0.349378
or-60-5-7-UC-20.cnf,3,35.98,0.286118,0.330415
or-60-5-7-UC-30.cnf,2,25.72,0.478884,0.308478
or-60-5-7-UC-40.cnf,2,39.98,0.2955,0.316041
or-60-5-8.cnf,-,0.0,0.117069,0.00529391
or-60-5-8-UC-10.cnf,3,59.92,0.519738,0.326246
or-60-5-8-UC-20.cnf,-,0.0,0.154348,0.00400088
or-60-5-8-UC-30.cnf,3,60.08,0.418735,0.331086
or-60-5-8-UC-40.cnf,2,0.02,0.315678,0.349805
or-60-5-9.cnf,-,0.0,0.153,0.0037759
or-60-5-9-UC-10.cnf,-,0.0,0.147475,0.00378496
or-60-5-9-UC-20.cnf,2,0.02,0.500883,0.350482
or-60-5-9-UC-30.cnf,2,0.02,0.31785,0.319345
or-60-5-9-UC-40.cnf,2,60.0,0.430371,0.318435
or-70-10-10.cnf,-,0.0,0.23785,0.00475696
or-70-10-10-UC-10.cnf,3,60.05,0.290611,0.352266
or-70-10-10-UC-20.cnf,-,0.0,0.165032,0.00541191
or-70-10-10-UC-30.cnf,-,0.0,0.15987,0.00554303
or-70-10-10-UC-40.cnf,-,0.0,0.134507,0.00346689
or-70-10-1.cnf,-,0.0,0.143956,0.00533997
or-70-10-1-UC-10.cnf,4,59.95,0.353547,0.321246
or-70-10-1-UC-20.cnf,4,59.99,0.559775,0.362291
or-70-10-1-UC-30.cnf,4,59.989999999999995,0.355912,0.351361
or-70-10-1-UC-40.cnf,3,49.09,0.292787,0.348182
or-70-10-2.cnf,-,0.0,0.131718,0.00638495
or-70-10-2-UC-10.cnf,4,59.980000000000004,0.465967,0.337165
or-70-10-2-UC-20.cnf,4,59.989999999999995,0.293808,0.33526
or-70-10-2-UC-30.cnf,4,60.0,0.500221,0.325534
or-70-10-2-UC-40.cnf,2,0.01,0.305058,0.321119
or-70-10-3.cnf,-,0.0,0.166318,0.00374405
or-70-10-3-UC-10.cnf,4,60.0,0.438554,0.349052
or-70-10-3-UC-20.cnf,2,0.01,0.574482,0.330891
or-70-10-3-UC-30.cnf,3,35.99,0.288957,0.34039
or-70-10-3-UC-40.cnf,2,0.02,0.521136,0.310437
or-70-10-4.cnf,-,0.0,0.145794,0.00477793
or-70-10-4-UC-10.cnf,4,49.059999999999995,0.495367,0.36071
or-70-10-4-UC-20.cnf,4,60.010000000000005,0.560613,0.342621
or-70-10-4-UC-30.cnf,4,60.03,0.43591,0.341925
or-70-10-4-UC-40.cnf,3,60.03,0.333634,0.362188
or-70-10-5.cnf,-,0.0,0.119689,0.00360109
or-70-10-5-UC-10.cnf,4,59.93,0.356894,0.334868
or-70-10-5-UC-20.cnf,4,48.0,0.547403,0.333193
or-70-10-5-UC-30.cnf,2,0.02,0.531152,0.315717
or-70-10-5-UC-40.cnf,2,0.01,0.562117,0.335643
or-70-10-6.cnf,-,0.0,0.144782,0.00461388
or-70-10-6-UC-10.cnf,3,59.97,0.346503,0.324529
or-70-10-6-UC-20.cnf,4,46.660000000000004,0.562825,0.328686
or-70-10-6-UC-30.cnf,4,46.66,0.538158,0.318084
or-70-10-6-UC-40.cnf,2,0.01,0.344397,0.337186
or-70-10-7.cnf,-,0.0,0.240367,0.00540894
or-70-10-7-UC-10.cnf,3,60.05,0.506608,0.322421
or-70-10-7-UC-20.cnf,3,60.01,0.543859,0.33557
or-70-10-7-UC-30.cnf,3,53.35,0.346238,0.342975
or-70-10-7-UC-40.cnf,3,60.0,0.543352,0.340898
or-70-10-8.cnf,-,0.0,0.159786,0.00512905
or-70-10-8-UC-10.cnf,-,0.0,0.145275,0.00465512
or-70-10-8-UC-20.cnf,3,35.980000000000004,0.488762,0.341905
or-70-10-8-UC-30.cnf,3,25.71,0.52489,0.312636
or-70-10-8-UC-40.cnf,3,35.980000000000004,0.490598,0.336391
or-70-10-9.cnf,-,0.0,0.144905,0.00458996
or-70-10-9-UC-10.cnf,3,59.97,0.522297,0.352323
or-70-10-9-UC-20.cnf,3,59.92,0.477783,0.31685
or-70-10-9-UC-30.cnf,3,50.0,0.340911,0.321004
or-70-10-9-UC-40.cnf,2,33.35,0.544929,0.317959
or-70-20-10.cnf,-,0.0,0.153762,0.00434709
or-70-20-10-UC-10.cnf,4,59.96,0.360059,0.331787
or-70-20-10-UC-20.cnf,4,60.019999999999996,0.504857,0.349457
or-70-20-10-UC-30.cnf,4,60.0,0.555956,0.369915
or-70-20-10-UC-40.cnf,4,60.08,0.59727,0.332495
or-70-20-1.cnf,-,0.0,0.244898,0.005484
or-70-20-1-UC-10.cnf,4,53.67999999999999,0.501206,0.329991
or-70-20-1-UC-20.cnf,4,60.019999999999996,0.514935,0.364897
or-70-20-1-UC-30.cnf,4,60.0,0.355922,0.362198
or-70-20-1-UC-40.cnf,4,60.01,0.293396,0.362739
or-70-20-2.cnf,-,0.0,0.163368,0.00400399
or-70-20-2-UC-10.cnf,4,60.0,0.38083,0.357961
or-70-20-2-UC-20.cnf,4,55.21,0.471034,0.362574
or-70-20-2-UC-30.cnf,4,55.71,0.503107,0.345668
or-70-20-2-UC-40.cnf,4,49.080000000000005,0.520645,0.339825
or-70-20-3.cnf,-,0.0,0.117356,0.00445788
or-70-20-3-UC-10.cnf,4,59.989999999999995,0.529869,0.347777
or-70-20-3-UC-20.cnf,4,55.39,0.475224,0.345051
or-70-20-3-UC-30.cnf,4,56.57,0.324728,0.342359
or-70-20-3-UC-40.cnf,4,60.010000000000005,0.503102,0.371879
or-70-20-4.cnf,-,0.0,0.116985,0.00481189
or-70-20-4-UC-10.cnf,4,59.989999999999995,0.495787,0.348264
or-70-20-4-UC-20.cnf,4,60.0,0.519019,0.34521
or-70-20-4-UC-30.cnf,4,59.989999999999995,0.46986,0.352096
or-70-20-4-UC-40.cnf,4,60.0,0.545601,0.322314
or-70-20-5.cnf,-,0.0,0.144027,0.00403005
or-70-20-5-UC-10.cnf,4,50.790000000000006,0.495998,0.334486
or-70-20-5-UC-20.cnf,4,60.0,0.294412,0.346678
or-70-20-5-UC-30.cnf,4,60.0,0.301829,0.345915
or-70-20-5-UC-40.cnf,4,60.0,0.590992,0.364798
or-70-20-6.cnf,-,0.0,0.230902,0.00401691
or-70-20-6-UC-10.cnf,4,59.92,0.480428,0.336082
or-70-20-6-UC-20.cnf,3,59.9,0.476469,0.346885
or-70-20-6-UC-30.cnf,3,59.980000000000004,0.297425,0.316601
or-70-20-6-UC-40.cnf,3,60.05,0.391087,0.30761
or-70-20-7.cnf,-,0.0,0.159658,0.00589002
or-70-20-7-UC-10.cnf,3,44.980000000000004,0.439133,0.328471
or-70-20-7-UC-20.cnf,4,60.01,0.315989,0.347611
or-70-20-7-UC-30.cnf,4,55.86,0.419242,0.349318
or-70-20-7-UC-40.cnf,5,60.01,0.286913,0.339614
or-70-20-8.cnf,-,0.0,0.119581,0.00468408
or-70-20-8-UC-10.cnf,4,60.0,0.29267,0.348008
or-70-20-8-UC-20.cnf,4,60.019999999999996,0.494755,0.372416
or-70-20-8-UC-30.cnf,4,54.8,0.562002,0.377794
or-70-20-8-UC-40.cnf,6,47.589999999999996,0.287208,0.35259
or-70-20-9.cnf,-,0.0,0.241136,0.00323395
or-70-20-9-UC-10.cnf,3,35.980000000000004,0.365102,0.344503
or-70-20-9-UC-20.cnf,3,48.0,0.343436,0.320383
or-70-20-9-UC-30.cnf,3,36.01,0.436472,0.321131
or-70-20-9-UC-40.cnf,2,38.21,0.528961,0.324983
or-70-5-10.cnf,-,0.0,0.236559,0.00552292
or-70-5-10-UC-10.cnf,4,59.99,0.452794,0.335316
or-70-5-10-UC-20.cnf,2,0.02,0.507196,0.357278
or-70-5-10-UC-30.cnf,3,59.98,0.556307,0.328054
or-70-5-10-UC-40.cnf,2,59.989999999999995,0.304754,0.317589
or-70-5-1.cnf,-,0.0,0.117044,0.0041739
or-70-5-1-UC-10.cnf,3,59.92999999999999,0.532085,0.326917
or-70-5-1-UC-20.cnf,3,59.900000000000006,0.455938,0.350818
or-70-5-1-UC-30.cnf,-,0.0,0.153042,0.00409892
or-70-5-1-UC-40.cnf,-,0.0,0.15047,0.00307209
or-70-5-2.cnf,-,0.0,0.243593,0.00486312
or-70-5-2-UC-10.cnf,3,60.05,0.547604,0.349035
or-70-5-2-UC-20.cnf,3,60.08,0.346295,0.316358
or-70-5-2-UC-30.cnf,-,0.0,0.239073,0.00286104
or-70-5-2-UC-40.cnf,-,0.0,0.237433,0.00543103
or-70-5-3.cnf,-,0.0,0.145962,0.00474491
or-70-5-3-UC-10.cnf,-,0.0,0.220117,0.00377789
or-70-5-3-UC-20.cnf,-,0.0,0.228747,0.00491799
or-70-5-3-UC-30.cnf,3,59.83,0.569929,0.337204
or-70-5-3-UC-40.cnf,-,0.0,0.118076,0.00508204
or-70-5-4.cnf,-,0.0,0.145279,0.00549897
or-70-5-4-UC-10.cnf,4,39.99,0.304827,0.326392
or-70-5-4-UC-20.cnf,4,39.97,0.301151,0.317897
or-70-5-4-UC-30.cnf,3,51.42,0.520682,0.344445
or-70-5-4-UC-40.cnf,3,36.0,0.292748,0.323163
or-70-5-5.cnf,-,0.0,0.117994,0.00367511
or-70-5-5-UC-10.cnf,-,0.0,0.143215,0.00505295
or-70-5-5-UC-20.cnf,4,59.95,0.582085,0.350957
or-70-5-5-UC-30.cnf,3,59.95,0.528501,0.324417
or-70-5-5-UC-40.cnf,2,0.02,0.463059,0.339021
or-70-5-6.cnf,-,0.0,0.147139,0.00543903
or-70-5-6-UC-10.cnf,4,60.04,0.583882,0.320274
or-70-5-6-UC-20.cnf,4,59.95,0.534033,0.338366
or-70-5-6-UC-30.cnf,4,59.92999999999999,0.506276,0.33821
or-70-5-6-UC-40.cnf,-,0.0,0.117579,0.00323895
or-70-5-7.cnf,-,0.0,0.116985,0.004303
or-70-5-7-UC-10.cnf,4,59.96,0.424384,0.334379
or-70-5-7-UC-20.cnf,4,59.97,0.525376,0.345748
or-70-5-7-UC-30.cnf,3,59.94,0.513888,0.325993
or-70-5-7-UC-40.cnf,2,0.01,0.408973,0.322285
or-70-5-8.cnf,-,0.0,0.133861,0.00445198
or-70-5-8-UC-10.cnf,4,59.959999999999994,0.525826,0.328378
or-70-5-8-UC-20.cnf,4,59.97,0.516052,0.327106
or-70-5-8-UC-30.cnf,3,42.86,0.601916,0.324754
or-70-5-8-UC-40.cnf,2,60.0,0.450834,0.310218
or-70-5-9.cnf,-,0.0,0.160134,0.004478
or-70-5-9-UC-10.cnf,3,59.96,0.357227,0.329963
or-70-5-9-UC-20.cnf,2,60.0,0.574738,0.317189
or-70-5-9-UC-30.cnf,2,36.0,0.521571,0.346362
or-70-5-9-UC-40.cnf,-,0.0,0.246671,0.00442404
prob001.pddl.cnf,14,57.91,0.896697,0.605338
prob002.pddl.cnf,123,60.11,51.0718,TO
prob003.pddl.cnf,90,60.04,46.542,TO
prob004.pddl.cnf,75,60.61,50.423,TO
prob005.pddl.cnf,123,143.95000000000002,83.1974,TO
prob012.pddl.cnf,101,77.11,112.173,TO
ra.cnf,34,60.49,73.3868,TO
rb.cnf,51,61.36,77.3388,TO
rc.cnf,68,80.83,105.822,TO
s1196a_15_7.cnf,36,60.19,10.0541,TO
s1196a_3_2.cnf,36,60.13,5.24043,TO
s1196a_7_4.cnf,40,60.15,52.9723,TO
s1238a_15_7.cnf,42,60.28,47.5211,TO
s1238a_3_2.cnf,39,60.19,22.882,TO
s1238a_7_4.cnf,38,60.16,50.556,TO
s13207a_15_7.cnf,59,65.84,TO,TO
s13207a_3_2.cnf,58,TO,329.283,TO
s13207a_7_4.cnf,60,64.56,TO,TO
s1423a_15_7.cnf,18,60.21,2.23247,0.629217
s1423a_3_2.cnf,13,60.089999999999996,0.998509,0.639992
s1423a_7_4.cnf,19,60.11,2.34701,0.659132
s1488_15_7.cnf,29,60.08,18.9195,146.292
s1488_3_2.cnf,30,60.04,14.8971,164.232
s1488_7_4.cnf,29,60.04,22.7369,139.977
s15850a_15_7.cnf,63,TO,TO,TO
s15850a_3_2.cnf,60,665.43,TO,TO
s15850a_7_4.cnf,62,TO,TO,TO
s27_15_7.cnf,4,59.980000000000004,0.262557,0.290616
s27_3_2.cnf,4,59.94,0.25715,0.296693
s27_7_4.cnf,4,59.97,0.244144,0.304041
s298_15_7.cnf,10,60.07,0.592851,0.39262
s298_3_2.cnf,8,60.02,0.481842,0.40039
s298_7_4.cnf,10,60.02,0.456363,0.399687
s344_15_7.cnf,10,60.0,0.498054,0.383907
s344_3_2.cnf,8,60.019999999999996,0.51976,0.403183
s344_7_4.cnf,7,60.05,0.449312,0.374932
s349_15_7.cnf,9,59.97,0.386209,0.41331
s349_3_2.cnf,6,60.02,0.455232,0.386976
s349_7_4.cnf,8,60.019999999999996,0.490591,0.408424
s35932_15_7.cnf,18,59.96,39.3479,26.4776
s35932_3_2.cnf,18,60.07,43.0152,25.1764
s35932_7_4.cnf,20,60.18,47.3927,25.7654
s382_15_7.cnf,9,60.01,0.47446,0.450051
s382_3_2.cnf,7,60.06,0.414342,0.387501
s382_7_4.cnf,8,60.05,0.444489,0.417705
s38417_15_7.cnf,37,TO,TO,TO
s38417_3_2.cnf,37,TO,TO,TO
s38417_7_4.cnf,34,TO,TO,TO
s38584_15_7.cnf,79,TO,TO,TO
s38584_3_2.cnf,76,TO,TO,TO
s38584_7_4.cnf,78,TO,TO,TO
s420_15_7.cnf,11,60.010000000000005,0.466172,0.407079
s420_3_2.cnf,9,60.02,0.274338,0.408413
s420_7_4.cnf,10,60.0,0.430711,0.401476
s444_15_7.cnf,10,60.02,0.457815,0.429905
s444_3_2.cnf,8,60.0,0.331687,0.415827
s444_7_4.cnf,10,60.019999999999996,0.423865,0.379638
s510_15_7.cnf,16,60.019999999999996,0.521464,0.424513
s510_3_2.cnf,15,60.019999999999996,0.536343,0.409994
s510_7_4.cnf,19,60.03,0.538255,0.465934
s526_15_7.cnf,17,60.17,0.869241,0.516735
s526_3_2.cnf,13,60.029999999999994,0.561227,0.467309
s526_7_4.cnf,15,60.059999999999995,0.820586,0.497192
s526a_15_7.cnf,17,60.08,0.83645,0.460576
s526a_3_2.cnf,14,60.03,0.72546,0.463637
s526a_7_4.cnf,15,60.04,0.697559,0.477684
s5378a_15_7.cnf,45,TO,TO,TO
s5378a_3_2.cnf,45,TO,TO,TO
s5378a_7_4.cnf,47,TO,TO,TO
s641_15_7.cnf,16,60.1,1.2656,0.464774
s641_3_2.cnf,18,60.01,2.05077,0.446299
s641_7_4.cnf,15,60.02,0.715806,0.455899
s713_15_7.cnf,15,60.05,0.987718,0.449922
s713_3_2.cnf,10,60.019999999999996,0.425434,0.427649
s713_7_4.cnf,16,60.080000000000005,1.68168,0.417233
s820a_15_7.cnf,9,60.02,0.517782,0.483816
s820a_3_2.cnf,5,59.99,0.347645,0.407392
s820a_7_4.cnf,7,60.01,0.462745,0.447993
s832a_15_7.cnf,12,60.029999999999994,0.706074,0.508903
s832a_3_2.cnf,8,59.910000000000004,0.409489,0.51087
s832a_7_4.cnf,10,60.02,0.4336,0.440092
s838_15_7.cnf,11,60.019999999999996,0.438885,0.518784
s838_3_2.cnf,9,60.059999999999995,0.521125,0.545569
s838_7_4.cnf,10,60.03,0.534639,0.532234
s9234a_15_7.cnf,44,TO,TO,TO
s9234a_3_2.cnf,47,195.47,TO,TO
s9234a_7_4.cnf,44,122.53,TO,TO
s953a_15_7.cnf,37,60.040000000000006,13.2256,TO
s953a_3_2.cnf,31,60.03,6.70545,168.262
s953a_7_4.cnf,39,60.1,34.0216,TO
sat-grid-pbl-0010.cnf,8,11.81,0.35433,0.395916
sat-grid-pbl-0015.cnf,10,11.43,0.516265,0.485075
sat-grid-pbl-0020.cnf,10,15.82,0.453837,0.642187
sat-grid-pbl-0025.cnf,22,25.36,31.1251,1.40907
sat-grid-pbl-0030.cnf,18,10.96,3.00983,1.12404
tire-1.cnf,8,60.019999999999996,0.744295,0.413967
tire-2.cnf,7,60.11,1.56141,0.428949
tire-3.cnf,16,60.07,0.933368,0.547565
tire-4.cnf,14,60.120000000000005,2.13867,0.532046
